Team,Home,Win,Opp,Diff,Game,Year,Week
49ers,1,,Panthers,,1,2018,1
49ers,0,,Seahawks,,2,2018,2
49ers,1,,Rams,,3,2018,3
49ers,0,,Cardinals,,4,2018,4
49ers,0,,Colts,,5,2018,5
49ers,0,,Redskins,,6,2018,6
49ers,1,,Cowboys,,7,2018,7
49ers,0,,Eagles,,8,2018,8
49ers,1,,Cardinals,,9,2018,9
49ers,1,,Giants,,10,2018,10
49ers,1,,Seahawks,,11,2018,12
49ers,0,,Bears,,12,2018,13
49ers,0,,Texans,,13,2018,14
49ers,1,,Titans,,14,2018,15
49ers,1,,Jaguars,,15,2018,16
49ers,0,,Rams,,16,2018,17
Bears,1,,Falcons,,1,2018,1
Bears,0,,Buccaneers,,2,2018,2
Bears,1,,Steelers,,3,2018,3
Bears,0,,Packers,,4,2018,4
Bears,1,,Vikings,,5,2018,5
Bears,0,,Ravens,,6,2018,6
Bears,1,,Panthers,,7,2018,7
Bears,0,,Saints,,8,2018,8
Bears,1,,Packers,,9,2018,10
Bears,1,,Lions,,10,2018,11
Bears,0,,Eagles,,11,2018,12
Bears,1,,49ers,,12,2018,13
Bears,0,,Bengals,,13,2018,14
Bears,0,,Lions,,14,2018,15
Bears,1,,Browns,,15,2018,16
Bears,0,,Vikings,,16,2018,17
Bengals,1,,Ravens,,1,2018,1
Bengals,1,,Texans,,2,2018,2
Bengals,0,,Packers,,3,2018,3
Bengals,0,,Browns,,4,2018,4
Bengals,1,,Bills,,5,2018,5
Bengals,0,,Steelers,,6,2018,7
Bengals,1,,Colts,,7,2018,8
Bengals,0,,Jaguars,,8,2018,9
Bengals,0,,Titans,,9,2018,10
Bengals,0,,Broncos,,10,2018,11
Bengals,1,,Browns,,11,2018,12
Bengals,1,,Steelers,,12,2018,13
Bengals,1,,Bears,,13,2018,14
Bengals,0,,Vikings,,14,2018,15
Bengals,1,,Lions,,15,2018,16
Bengals,0,,Ravens,,16,2018,17
Bills,1,,Jets,,1,2018,1
Bills,0,,Panthers,,2,2018,2
Bills,1,,Broncos,,3,2018,3
Bills,0,,Falcons,,4,2018,4
Bills,0,,Bengals,,5,2018,5
Bills,1,,Buccaneers,,6,2018,7
Bills,1,,Raiders,,7,2018,8
Bills,0,,Jets,,8,2018,9
Bills,1,,Saints,,9,2018,10
Bills,0,,Chargers,,10,2018,11
Bills,0,,Chiefs,,11,2018,12
Bills,1,,Patriots,,12,2018,13
Bills,1,,Colts,,13,2018,14
Bills,1,,Dolphins,,14,2018,15
Bills,0,,Patriots,,15,2018,16
Bills,0,,Dolphins,,16,2018,17
Broncos,1,,Chargers,,1,2018,1
Broncos,1,,Cowboys,,2,2018,2
Broncos,0,,Bills,,3,2018,3
Broncos,1,,Raiders,,4,2018,4
Broncos,1,,Giants,,5,2018,6
Broncos,0,,Chargers,,6,2018,7
Broncos,0,,Chiefs,,7,2018,8
Broncos,0,,Eagles,,8,2018,9
Broncos,1,,Patriots,,9,2018,10
Broncos,1,,Bengals,,10,2018,11
Broncos,0,,Raiders,,11,2018,12
Broncos,0,,Dolphins,,12,2018,13
Broncos,1,,Jets,,13,2018,14
Broncos,0,,Colts,,14,2018,15
Broncos,0,,Redskins,,15,2018,16
Broncos,1,,Chiefs,,16,2018,17
Browns,1,,Steelers,,1,2018,1
Browns,0,,Ravens,,2,2018,2
Browns,0,,Colts,,3,2018,3
Browns,1,,Bengals,,4,2018,4
Browns,1,,Jets,,5,2018,5
Browns,0,,Texans,,6,2018,6
Browns,1,,Titans,,7,2018,7
Browns,1,,Vikings,,8,2018,8
Browns,0,,Lions,,9,2018,10
Browns,1,,Jaguars,,10,2018,11
Browns,0,,Bengals,,11,2018,12
Browns,0,,Chargers,,12,2018,13
Browns,1,,Packers,,13,2018,14
Browns,1,,Ravens,,14,2018,15
Browns,0,,Bears,,15,2018,16
Browns,0,,Steelers,,16,2018,17
Buccaneers,0,,Dolphins,,10,2018,11
Buccaneers,1,,Bears,,1,2018,2
Buccaneers,0,,Vikings,,2,2018,3
Buccaneers,1,,Giants,,3,2018,4
Buccaneers,1,,Patriots,,4,2018,5
Buccaneers,0,,Cardinals,,5,2018,6
Buccaneers,0,,Bills,,6,2018,7
Buccaneers,1,,Panthers,,7,2018,8
Buccaneers,0,,Saints,,8,2018,9
Buccaneers,1,,Jets,,9,2018,10
Buccaneers,0,,Falcons,,11,2018,12
Buccaneers,0,,Packers,,12,2018,13
Buccaneers,1,,Lions,,13,2018,14
Buccaneers,1,,Falcons,,14,2018,15
Buccaneers,0,,Panthers,,15,2018,16
Buccaneers,1,,Saints,,16,2018,17
Cardinals,0,,Lions,,1,2018,1
Cardinals,0,,Colts,,2,2018,2
Cardinals,1,,Cowboys,,3,2018,3
Cardinals,1,,49ers,,4,2018,4
Cardinals,0,,Eagles,,5,2018,5
Cardinals,1,,Buccaneers,,6,2018,6
Cardinals,0,,Rams,,7,2018,7
Cardinals,0,,49ers,,8,2018,9
Cardinals,1,,Seahawks,,9,2018,10
Cardinals,0,,Texans,,10,2018,11
Cardinals,1,,Jaguars,,11,2018,12
Cardinals,1,,Rams,,12,2018,13
Cardinals,1,,Titans,,13,2018,14
Cardinals,0,,Redskins,,14,2018,15
Cardinals,1,,Giants,,15,2018,16
Cardinals,0,,Seahawks,,16,2018,17
Chargers,0,,Broncos,,1,2018,1
Chargers,1,,Dolphins,,2,2018,2
Chargers,1,,Chiefs,,3,2018,3
Chargers,1,,Eagles,,4,2018,4
Chargers,0,,Giants,,5,2018,5
Chargers,0,,Raiders,,6,2018,6
Chargers,1,,Broncos,,7,2018,7
Chargers,0,,Patriots,,8,2018,8
Chargers,0,,Jaguars,,9,2018,10
Chargers,1,,Bills,,10,2018,11
Chargers,0,,Cowboys,,11,2018,12
Chargers,1,,Browns,,12,2018,13
Chargers,1,,Redskins,,13,2018,14
Chargers,0,,Chiefs,,14,2018,15
Chargers,0,,Jets,,15,2018,16
Chargers,1,,Raiders,,16,2018,17
Chiefs,0,,Patriots,,1,2018,1
Chiefs,1,,Eagles,,2,2018,2
Chiefs,0,,Chargers,,3,2018,3
Chiefs,1,,Redskins,,4,2018,4
Chiefs,0,,Texans,,5,2018,5
Chiefs,1,,Steelers,,6,2018,6
Chiefs,0,,Raiders,,7,2018,7
Chiefs,1,,Broncos,,8,2018,8
Chiefs,0,,Cowboys,,9,2018,9
Chiefs,0,,Giants,,10,2018,11
Chiefs,1,,Bills,,11,2018,12
Chiefs,0,,Jets,,12,2018,13
Chiefs,1,,Raiders,,13,2018,14
Chiefs,1,,Chargers,,14,2018,15
Chiefs,1,,Dolphins,,15,2018,16
Chiefs,0,,Broncos,,16,2018,17
Colts,0,,Rams,,1,2018,1
Colts,1,,Cardinals,,2,2018,2
Colts,1,,Browns,,3,2018,3
Colts,0,,Seahawks,,4,2018,4
Colts,1,,49ers,,5,2018,5
Colts,0,,Titans,,6,2018,6
Colts,1,,Jaguars,,7,2018,7
Colts,0,,Bengals,,8,2018,8
Colts,0,,Texans,,9,2018,9
Colts,1,,Steelers,,10,2018,10
Colts,1,,Titans,,11,2018,12
Colts,0,,Jaguars,,12,2018,13
Colts,0,,Bills,,13,2018,14
Colts,1,,Broncos,,14,2018,15
Colts,0,,Ravens,,15,2018,16
Colts,1,,Texans,,16,2018,17
Cowboys,1,,Giants,,1,2018,1
Cowboys,0,,Broncos,,2,2018,2
Cowboys,0,,Cardinals,,3,2018,3
Cowboys,1,,Rams,,4,2018,4
Cowboys,1,,Packers,,5,2018,5
Cowboys,0,,49ers,,6,2018,7
Cowboys,0,,Redskins,,7,2018,8
Cowboys,1,,Chiefs,,8,2018,9
Cowboys,0,,Falcons,,9,2018,10
Cowboys,1,,Eagles,,10,2018,11
Cowboys,1,,Chargers,,11,2018,12
Cowboys,1,,Redskins,,12,2018,13
Cowboys,0,,Giants,,13,2018,14
Cowboys,0,,Raiders,,14,2018,15
Cowboys,1,,Seahawks,,15,2018,16
Cowboys,0,,Eagles,,16,2018,17
Dolphins,1,,Buccaneers,,10,2018,11
Dolphins,0,,Chargers,,1,2018,2
Dolphins,0,,Jets,,2,2018,3
Dolphins,1,,Saints,,3,2018,4
Dolphins,1,,Titans,,4,2018,5
Dolphins,0,,Falcons,,5,2018,6
Dolphins,1,,Jets,,6,2018,7
Dolphins,0,,Ravens,,7,2018,8
Dolphins,1,,Raiders,,8,2018,9
Dolphins,0,,Panthers,,9,2018,10
Dolphins,0,,Patriots,,11,2018,12
Dolphins,1,,Broncos,,12,2018,13
Dolphins,1,,Patriots,,13,2018,14
Dolphins,0,,Bills,,14,2018,15
Dolphins,0,,Chiefs,,15,2018,16
Dolphins,1,,Bills,,16,2018,17
Eagles,0,,Redskins,,1,2018,1
Eagles,0,,Chiefs,,2,2018,2
Eagles,1,,Giants,,3,2018,3
Eagles,0,,Chargers,,4,2018,4
Eagles,1,,Cardinals,,5,2018,5
Eagles,0,,Panthers,,6,2018,6
Eagles,1,,Redskins,,7,2018,7
Eagles,1,,49ers,,8,2018,8
Eagles,1,,Broncos,,9,2018,9
Eagles,0,,Cowboys,,10,2018,11
Eagles,1,,Bears,,11,2018,12
Eagles,0,,Seahawks,,12,2018,13
Eagles,0,,Rams,,13,2018,14
Eagles,0,,Giants,,14,2018,15
Eagles,1,,Raiders,,15,2018,16
Eagles,1,,Cowboys,,16,2018,17
Falcons,0,,Bears,,1,2018,1
Falcons,1,,Packers,,2,2018,2
Falcons,0,,Lions,,3,2018,3
Falcons,1,,Bills,,4,2018,4
Falcons,1,,Dolphins,,5,2018,6
Falcons,0,,Patriots,,6,2018,7
Falcons,0,,Jets,,7,2018,8
Falcons,0,,Panthers,,8,2018,9
Falcons,1,,Cowboys,,9,2018,10
Falcons,0,,Seahawks,,10,2018,11
Falcons,1,,Buccaneers,,11,2018,12
Falcons,1,,Vikings,,12,2018,13
Falcons,1,,Saints,,13,2018,14
Falcons,0,,Buccaneers,,14,2018,15
Falcons,0,,Saints,,15,2018,16
Falcons,1,,Panthers,,16,2018,17
Giants,0,,Cowboys,,1,2018,1
Giants,1,,Lions,,2,2018,2
Giants,0,,Eagles,,3,2018,3
Giants,0,,Buccaneers,,4,2018,4
Giants,1,,Chargers,,5,2018,5
Giants,0,,Broncos,,6,2018,6
Giants,1,,Seahawks,,7,2018,7
Giants,1,,Rams,,8,2018,9
Giants,0,,49ers,,9,2018,10
Giants,1,,Chiefs,,10,2018,11
Giants,0,,Redskins,,11,2018,12
Giants,0,,Raiders,,12,2018,13
Giants,1,,Cowboys,,13,2018,14
Giants,1,,Eagles,,14,2018,15
Giants,0,,Cardinals,,15,2018,16
Giants,1,,Redskins,,16,2018,17
Jaguars,0,,Texans,,1,2018,1
Jaguars,1,,Titans,,2,2018,2
Jaguars,1,,Ravens,,3,2018,3
Jaguars,0,,Jets,,4,2018,4
Jaguars,0,,Steelers,,5,2018,5
Jaguars,1,,Rams,,6,2018,6
Jaguars,0,,Colts,,7,2018,7
Jaguars,1,,Bengals,,8,2018,9
Jaguars,1,,Chargers,,9,2018,10
Jaguars,0,,Browns,,10,2018,11
Jaguars,0,,Cardinals,,11,2018,12
Jaguars,1,,Colts,,12,2018,13
Jaguars,1,,Seahawks,,13,2018,14
Jaguars,1,,Texans,,14,2018,15
Jaguars,0,,49ers,,15,2018,16
Jaguars,0,,Titans,,16,2018,17
Jets,0,,Bills,,1,2018,1
Jets,0,,Raiders,,2,2018,2
Jets,1,,Dolphins,,3,2018,3
Jets,1,,Jaguars,,4,2018,4
Jets,0,,Browns,,5,2018,5
Jets,1,,Patriots,,6,2018,6
Jets,0,,Dolphins,,7,2018,7
Jets,1,,Falcons,,8,2018,8
Jets,1,,Bills,,9,2018,9
Jets,0,,Buccaneers,,10,2018,10
Jets,1,,Panthers,,11,2018,12
Jets,1,,Chiefs,,12,2018,13
Jets,0,,Broncos,,13,2018,14
Jets,0,,Saints,,14,2018,15
Jets,1,,Chargers,,15,2018,16
Jets,0,,Patriots,,16,2018,17
Lions,1,,Cardinals,,1,2018,1
Lions,0,,Giants,,2,2018,2
Lions,1,,Falcons,,3,2018,3
Lions,0,,Vikings,,4,2018,4
Lions,1,,Panthers,,5,2018,5
Lions,0,,Saints,,6,2018,6
Lions,1,,Steelers,,7,2018,8
Lions,0,,Packers,,8,2018,9
Lions,1,,Browns,,9,2018,10
Lions,0,,Bears,,10,2018,11
Lions,1,,Vikings,,11,2018,12
Lions,0,,Ravens,,12,2018,13
Lions,0,,Buccaneers,,13,2018,14
Lions,1,,Bears,,14,2018,15
Lions,0,,Bengals,,15,2018,16
Lions,1,,Packers,,16,2018,17
Packers,1,,Seahawks,,1,2018,1
Packers,0,,Falcons,,2,2018,2
Packers,1,,Bengals,,3,2018,3
Packers,1,,Bears,,4,2018,4
Packers,0,,Cowboys,,5,2018,5
Packers,0,,Vikings,,6,2018,6
Packers,1,,Saints,,7,2018,7
Packers,1,,Lions,,8,2018,9
Packers,0,,Bears,,9,2018,10
Packers,1,,Ravens,,10,2018,11
Packers,0,,Steelers,,11,2018,12
Packers,1,,Buccaneers,,12,2018,13
Packers,0,,Browns,,13,2018,14
Packers,0,,Panthers,,14,2018,15
Packers,1,,Vikings,,15,2018,16
Packers,0,,Lions,,16,2018,17
Panthers,0,,49ers,,1,2018,1
Panthers,1,,Bills,,2,2018,2
Panthers,1,,Saints,,3,2018,3
Panthers,0,,Patriots,,4,2018,4
Panthers,0,,Lions,,5,2018,5
Panthers,1,,Eagles,,6,2018,6
Panthers,0,,Bears,,7,2018,7
Panthers,0,,Buccaneers,,8,2018,8
Panthers,1,,Falcons,,9,2018,9
Panthers,1,,Dolphins,,10,2018,10
Panthers,0,,Jets,,11,2018,12
Panthers,0,,Saints,,12,2018,13
Panthers,1,,Vikings,,13,2018,14
Panthers,1,,Packers,,14,2018,15
Panthers,1,,Buccaneers,,15,2018,16
Panthers,0,,Falcons,,16,2018,17
Patriots,1,,Chiefs,,1,2018,1
Patriots,0,,Saints,,2,2018,2
Patriots,1,,Texans,,3,2018,3
Patriots,1,,Panthers,,4,2018,4
Patriots,0,,Buccaneers,,5,2018,5
Patriots,0,,Jets,,6,2018,6
Patriots,1,,Falcons,,7,2018,7
Patriots,1,,Chargers,,8,2018,8
Patriots,0,,Broncos,,9,2018,10
Patriots,0,,Raiders,,10,2018,11
Patriots,1,,Dolphins,,11,2018,12
Patriots,0,,Bills,,12,2018,13
Patriots,0,,Dolphins,,13,2018,14
Patriots,0,,Steelers,,14,2018,15
Patriots,1,,Bills,,15,2018,16
Patriots,1,,Jets,,16,2018,17
Raiders,0,,Titans,,1,2018,1
Raiders,1,,Jets,,2,2018,2
Raiders,0,,Redskins,,3,2018,3
Raiders,0,,Broncos,,4,2018,4
Raiders,1,,Ravens,,5,2018,5
Raiders,1,,Chargers,,6,2018,6
Raiders,1,,Chiefs,,7,2018,7
Raiders,0,,Bills,,8,2018,8
Raiders,0,,Dolphins,,9,2018,9
Raiders,1,,Patriots,,10,2018,11
Raiders,1,,Broncos,,11,2018,12
Raiders,1,,Giants,,12,2018,13
Raiders,0,,Chiefs,,13,2018,14
Raiders,1,,Cowboys,,14,2018,15
Raiders,0,,Eagles,,15,2018,16
Raiders,0,,Chargers,,16,2018,17
Rams,1,,Colts,,1,2018,1
Rams,1,,Redskins,,2,2018,2
Rams,0,,49ers,,3,2018,3
Rams,0,,Cowboys,,4,2018,4
Rams,1,,Seahawks,,5,2018,5
Rams,0,,Jaguars,,6,2018,6
Rams,1,,Cardinals,,7,2018,7
Rams,0,,Giants,,8,2018,9
Rams,1,,Texans,,9,2018,10
Rams,0,,Vikings,,10,2018,11
Rams,1,,Saints,,11,2018,12
Rams,0,,Cardinals,,12,2018,13
Rams,1,,Eagles,,13,2018,14
Rams,0,,Seahawks,,14,2018,15
Rams,0,,Titans,,15,2018,16
Rams,1,,49ers,,16,2018,17
Ravens,0,,Bengals,,1,2018,1
Ravens,1,,Browns,,2,2018,2
Ravens,0,,Jaguars,,3,2018,3
Ravens,1,,Steelers,,4,2018,4
Ravens,0,,Raiders,,5,2018,5
Ravens,1,,Bears,,6,2018,6
Ravens,0,,Vikings,,7,2018,7
Ravens,1,,Dolphins,,8,2018,8
Ravens,0,,Titans,,9,2018,9
Ravens,0,,Packers,,10,2018,11
Ravens,1,,Texans,,11,2018,12
Ravens,1,,Lions,,12,2018,13
Ravens,0,,Steelers,,13,2018,14
Ravens,0,,Browns,,14,2018,15
Ravens,1,,Colts,,15,2018,16
Ravens,1,,Bengals,,16,2018,17
Redskins,1,,Eagles,,1,2018,1
Redskins,0,,Rams,,2,2018,2
Redskins,1,,Raiders,,3,2018,3
Redskins,0,,Chiefs,,4,2018,4
Redskins,1,,49ers,,5,2018,6
Redskins,0,,Eagles,,6,2018,7
Redskins,1,,Cowboys,,7,2018,8
Redskins,0,,Seahawks,,8,2018,9
Redskins,1,,Vikings,,9,2018,10
Redskins,0,,Saints,,10,2018,11
Redskins,1,,Giants,,11,2018,12
Redskins,0,,Cowboys,,12,2018,13
Redskins,0,,Chargers,,13,2018,14
Redskins,1,,Cardinals,,14,2018,15
Redskins,1,,Broncos,,15,2018,16
Redskins,0,,Giants,,16,2018,17
Saints,0,,Vikings,,1,2018,1
Saints,1,,Patriots,,2,2018,2
Saints,0,,Panthers,,3,2018,3
Saints,0,,Dolphins,,4,2018,4
Saints,1,,Lions,,5,2018,6
Saints,0,,Packers,,6,2018,7
Saints,1,,Bears,,7,2018,8
Saints,1,,Buccaneers,,8,2018,9
Saints,0,,Bills,,9,2018,10
Saints,1,,Redskins,,10,2018,11
Saints,0,,Rams,,11,2018,12
Saints,1,,Panthers,,12,2018,13
Saints,0,,Falcons,,13,2018,14
Saints,1,,Jets,,14,2018,15
Saints,1,,Falcons,,15,2018,16
Saints,0,,Buccaneers,,16,2018,17
Seahawks,0,,Packers,,1,2018,1
Seahawks,1,,49ers,,2,2018,2
Seahawks,0,,Titans,,3,2018,3
Seahawks,1,,Colts,,4,2018,4
Seahawks,0,,Rams,,5,2018,5
Seahawks,0,,Giants,,6,2018,7
Seahawks,1,,Texans,,7,2018,8
Seahawks,1,,Redskins,,8,2018,9
Seahawks,0,,Cardinals,,9,2018,10
Seahawks,1,,Falcons,,10,2018,11
Seahawks,0,,49ers,,11,2018,12
Seahawks,1,,Eagles,,12,2018,13
Seahawks,0,,Jaguars,,13,2018,14
Seahawks,1,,Rams,,14,2018,15
Seahawks,0,,Cowboys,,15,2018,16
Seahawks,1,,Cardinals,,16,2018,17
Steelers,0,,Browns,,1,2018,1
Steelers,1,,Vikings,,2,2018,2
Steelers,0,,Bears,,3,2018,3
Steelers,0,,Ravens,,4,2018,4
Steelers,1,,Jaguars,,5,2018,5
Steelers,0,,Chiefs,,6,2018,6
Steelers,1,,Bengals,,7,2018,7
Steelers,0,,Lions,,8,2018,8
Steelers,0,,Colts,,9,2018,10
Steelers,1,,Titans,,10,2018,11
Steelers,1,,Packers,,11,2018,12
Steelers,0,,Bengals,,12,2018,13
Steelers,1,,Ravens,,13,2018,14
Steelers,1,,Patriots,,14,2018,15
Steelers,0,,Texans,,15,2018,16
Steelers,1,,Browns,,16,2018,17
Texans,1,,Jaguars,,1,2018,1
Texans,0,,Bengals,,2,2018,2
Texans,0,,Patriots,,3,2018,3
Texans,1,,Titans,,4,2018,4
Texans,1,,Chiefs,,5,2018,5
Texans,1,,Browns,,6,2018,6
Texans,0,,Seahawks,,7,2018,8
Texans,1,,Colts,,8,2018,9
Texans,0,,Rams,,9,2018,10
Texans,1,,Cardinals,,10,2018,11
Texans,0,,Ravens,,11,2018,12
Texans,0,,Titans,,12,2018,13
Texans,1,,49ers,,13,2018,14
Texans,0,,Jaguars,,14,2018,15
Texans,1,,Steelers,,15,2018,16
Texans,0,,Colts,,16,2018,17
Titans,1,,Raiders,,1,2018,1
Titans,0,,Jaguars,,2,2018,2
Titans,1,,Seahawks,,3,2018,3
Titans,0,,Texans,,4,2018,4
Titans,0,,Dolphins,,5,2018,5
Titans,1,,Colts,,6,2018,6
Titans,0,,Browns,,7,2018,7
Titans,1,,Ravens,,8,2018,9
Titans,1,,Bengals,,9,2018,10
Titans,0,,Steelers,,10,2018,11
Titans,0,,Colts,,11,2018,12
Titans,1,,Texans,,12,2018,13
Titans,0,,Cardinals,,13,2018,14
Titans,0,,49ers,,14,2018,15
Titans,1,,Rams,,15,2018,16
Titans,1,,Jaguars,,16,2018,17
Vikings,1,,Saints,,1,2018,1
Vikings,0,,Steelers,,2,2018,2
Vikings,1,,Buccaneers,,3,2018,3
Vikings,1,,Lions,,4,2018,4
Vikings,0,,Bears,,5,2018,5
Vikings,1,,Packers,,6,2018,6
Vikings,1,,Ravens,,7,2018,7
Vikings,0,,Browns,,8,2018,8
Vikings,0,,Redskins,,9,2018,10
Vikings,1,,Rams,,10,2018,11
Vikings,0,,Lions,,11,2018,12
Vikings,0,,Falcons,,12,2018,13
Vikings,0,,Panthers,,13,2018,14
Vikings,1,,Bengals,,14,2018,15
Vikings,0,,Packers,,15,2018,16
Vikings,1,,Bears,,16,2018,17
49ers,1,1,Rams,28,1,2017,1
49ers,0,0,Panthers,-19,2,2017,2
49ers,0,0,Seahawks,-19,3,2017,3
49ers,1,0,Cowboys,-7,4,2017,4
49ers,1,0,Cardinals,-12,5,2017,5
49ers,0,0,Bills,-29,6,2017,6
49ers,1,0,Buccaneers,-17,7,2017,7
49ers,1,0,Saints,-18,8,2017,9
49ers,0,0,Cardinals,-3,9,2017,10
49ers,1,0,Patriots,-13,10,2017,11
49ers,0,0,Dolphins,-7,11,2017,12
49ers,0,0,Bears,-20,12,2017,13
49ers,1,0,Jets,-6,13,2017,14
49ers,0,0,Falcons,-28,14,2017,15
49ers,0,1,Rams,1,15,2017,16
49ers,1,0,Seahawks,-2,16,2017,17
Bears,0,0,Texans,-9,1,2017,1
Bears,1,0,Eagles,-15,2,2017,2
Bears,0,0,Cowboys,-14,3,2017,3
Bears,1,1,Lions,3,4,2017,4
Bears,0,0,Colts,-6,5,2017,5
Bears,1,0,Jaguars,-1,6,2017,6
Bears,0,0,Packers,-16,7,2017,7
Bears,1,1,Vikings,10,8,2017,8
Bears,0,0,Buccaneers,-26,9,2017,10
Bears,0,0,Giants,-6,10,2017,11
Bears,1,0,Titans,-6,11,2017,12
Bears,1,1,49ers,20,12,2017,13
Bears,0,0,Lions,-3,13,2017,14
Bears,1,0,Packers,-3,14,2017,15
Bears,1,0,Redskins,-20,15,2017,16
Bears,0,0,Vikings,-28,16,2017,17
Bengals,0,1,Jets,1,1,2017,1
Bengals,0,0,Steelers,-8,2,2017,2
Bengals,1,0,Broncos,-12,3,2017,3
Bengals,1,1,Dolphins,15,4,2017,4
Bengals,0,0,Cowboys,-14,5,2017,5
Bengals,0,0,Patriots,-18,6,2017,6
Bengals,1,1,Browns,14,7,2017,7
Bengals,1,0.5,Redskins,0,8,2017,8
Bengals,0,0,Giants,-1,9,2017,10
Bengals,1,0,Bills,-4,10,2017,11
Bengals,0,0,Ravens,-5,11,2017,12
Bengals,1,1,Eagles,18,12,2017,13
Bengals,0,1,Browns,13,13,2017,14
Bengals,1,0,Steelers,-4,14,2017,15
Bengals,0,0,Texans,-2,15,2017,16
Bengals,1,1,Ravens,17,16,2017,17
Bills,0,0,Ravens,-6,1,2017,1
Bills,1,0,Jets,-6,2,2017,2
Bills,1,1,Cardinals,15,3,2017,3
Bills,0,1,Patriots,16,4,2017,4
Bills,0,1,Rams,11,5,2017,5
Bills,1,1,49ers,29,6,2017,6
Bills,0,0,Dolphins,-3,7,2017,7
Bills,1,0,Patriots,-16,8,2017,8
Bills,0,0,Seahawks,-6,9,2017,9
Bills,0,1,Bengals,4,10,2017,11
Bills,1,1,Jaguars,7,11,2017,12
Bills,0,0,Raiders,-14,12,2017,13
Bills,1,0,Steelers,-7,13,2017,14
Bills,1,1,Browns,20,14,2017,15
Bills,1,0,Dolphins,-3,15,2017,16
Bills,0,0,Jets,-20,16,2017,17
Broncos,1,1,Panthers,1,1,2017,1
Broncos,1,1,Colts,14,2,2017,2
Broncos,0,1,Bengals,12,3,2017,3
Broncos,0,1,Buccaneers,20,4,2017,4
Broncos,1,0,Falcons,-7,5,2017,5
Broncos,0,0,Chargers,-8,6,2017,6
Broncos,1,1,Texans,18,7,2017,7
Broncos,1,1,Chargers,8,8,2017,8
Broncos,0,0,Raiders,-10,9,2017,9
Broncos,0,1,Saints,2,10,2017,10
Broncos,1,0,Chiefs,-3,11,2017,12
Broncos,0,1,Jaguars,10,12,2017,13
Broncos,0,0,Titans,-3,13,2017,14
Broncos,1,0,Patriots,-13,14,2017,15
Broncos,0,0,Chiefs,-23,15,2017,16
Broncos,1,1,Raiders,18,16,2017,17
Browns,0,0,Eagles,-19,1,2017,1
Browns,1,0,Ravens,-5,2,2017,2
Browns,0,0,Dolphins,-6,3,2017,3
Browns,0,0,Redskins,-11,4,2017,4
Browns,1,0,Patriots,-20,5,2017,5
Browns,0,0,Titans,-2,6,2017,6
Browns,0,0,Bengals,-14,7,2017,7
Browns,1,0,Jets,-3,8,2017,8
Browns,1,0,Cowboys,-25,9,2017,9
Browns,0,0,Ravens,-21,10,2017,10
Browns,1,0,Steelers,-15,11,2017,11
Browns,1,0,Giants,-14,12,2017,12
Browns,1,0,Bengals,-13,13,2017,14
Browns,0,0,Bills,-20,14,2017,15
Browns,1,1,Chargers,3,15,2017,16
Browns,0,0,Steelers,-3,16,2017,17
Buccaneers,0,1,Falcons,7,1,2017,1
Buccaneers,0,0,Cardinals,-33,2,2017,2
Buccaneers,1,0,Rams,-5,3,2017,3
Buccaneers,1,0,Broncos,-20,4,2017,4
Buccaneers,0,1,Panthers,3,5,2017,5
Buccaneers,0,1,49ers,17,6,2017,7
Buccaneers,1,0,Raiders,-6,7,2017,8
Buccaneers,1,0,Falcons,-15,8,2017,9
Buccaneers,1,1,Bears,26,9,2017,10
Buccaneers,0,1,Chiefs,2,10,2017,11
Buccaneers,1,1,Seahawks,9,11,2017,12
Buccaneers,0,1,Chargers,7,12,2017,13
Buccaneers,1,1,Saints,5,13,2017,14
Buccaneers,0,0,Cowboys,-6,14,2017,15
Buccaneers,0,0,Saints,-7,15,2017,16
Buccaneers,1,1,Panthers,1,16,2017,17
Cardinals,1,0,Patriots,-2,1,2017,1
Cardinals,1,1,Buccaneers,33,2,2017,2
Cardinals,0,0,Bills,-15,3,2017,3
Cardinals,1,0,Rams,-4,4,2017,4
Cardinals,0,1,49ers,12,5,2017,5
Cardinals,1,1,Jets,25,6,2017,6
Cardinals,1,0.5,Seahawks,0,7,2017,7
Cardinals,0,0,Panthers,-10,8,2017,8
Cardinals,1,1,49ers,3,9,2017,10
Cardinals,0,0,Vikings,-6,10,2017,11
Cardinals,0,0,Falcons,-19,11,2017,12
Cardinals,1,1,Redskins,8,12,2017,13
Cardinals,0,0,Dolphins,-3,13,2017,14
Cardinals,1,0,Saints,-7,14,2017,15
Cardinals,0,1,Seahawks,3,15,2017,16
Cardinals,0,1,Rams,38,16,2017,17
Chargers,0,0,Chiefs,-6,1,2017,1
Chargers,1,1,Jaguars,24,2,2017,2
Chargers,0,0,Colts,-4,3,2017,3
Chargers,1,0,Saints,-1,4,2017,4
Chargers,0,0,Raiders,-3,5,2017,5
Chargers,1,1,Broncos,8,6,2017,6
Chargers,0,1,Falcons,3,7,2017,7
Chargers,0,0,Broncos,-8,8,2017,8
Chargers,1,1,Titans,8,9,2017,9
Chargers,1,0,Dolphins,-7,10,2017,10
Chargers,0,1,Texans,8,11,2017,12
Chargers,1,0,Buccaneers,-7,12,2017,13
Chargers,0,0,Panthers,-12,13,2017,14
Chargers,1,0,Raiders,-3,14,2017,15
Chargers,0,0,Browns,-3,15,2017,16
Chargers,1,0,Chiefs,-10,16,2017,17
Chiefs,1,1,Chargers,6,1,2017,1
Chiefs,0,0,Texans,-7,2,2017,2
Chiefs,1,1,Jets,21,3,2017,3
Chiefs,0,0,Steelers,-29,4,2017,4
Chiefs,0,1,Raiders,16,5,2017,6
Chiefs,1,1,Saints,6,6,2017,7
Chiefs,0,1,Colts,16,7,2017,8
Chiefs,1,1,Jaguars,5,8,2017,9
Chiefs,0,1,Panthers,3,9,2017,10
Chiefs,1,0,Buccaneers,-2,10,2017,11
Chiefs,0,1,Broncos,3,11,2017,12
Chiefs,0,1,Falcons,1,12,2017,13
Chiefs,1,1,Raiders,8,13,2017,14
Chiefs,1,0,Titans,-2,14,2017,15
Chiefs,1,1,Broncos,23,15,2017,16
Chiefs,0,1,Chargers,10,16,2017,17
Colts,1,0,Lions,-4,1,2017,1
Colts,0,0,Broncos,-14,2,2017,2
Colts,1,1,Chargers,4,3,2017,3
Colts,0,0,Jaguars,-3,4,2017,4
Colts,1,1,Bears,6,5,2017,5
Colts,0,0,Texans,-3,6,2017,6
Colts,0,1,Titans,8,7,2017,7
Colts,1,0,Chiefs,-16,8,2017,8
Colts,0,1,Packers,5,9,2017,9
Colts,1,1,Titans,7,10,2017,11
Colts,1,0,Steelers,-21,11,2017,12
Colts,0,1,Jets,31,12,2017,13
Colts,1,0,Texans,-5,13,2017,14
Colts,0,1,Vikings,28,14,2017,15
Colts,0,0,Raiders,-8,15,2017,16
Colts,1,1,Jaguars,4,16,2017,17
Cowboys,1,0,Giants,-1,1,2017,1
Cowboys,0,1,Redskins,4,2,2017,2
Cowboys,1,1,Bears,14,3,2017,3
Cowboys,0,1,49ers,7,4,2017,4
Cowboys,1,1,Bengals,14,5,2017,5
Cowboys,0,1,Packers,14,6,2017,6
Cowboys,1,1,Eagles,6,7,2017,8
Cowboys,0,1,Browns,25,8,2017,9
Cowboys,0,1,Steelers,5,9,2017,10
Cowboys,1,1,Ravens,10,10,2017,11
Cowboys,1,1,Redskins,5,11,2017,12
Cowboys,0,1,Vikings,2,12,2017,13
Cowboys,0,0,Giants,-3,13,2017,14
Cowboys,1,1,Buccaneers,6,14,2017,15
Cowboys,1,1,Lions,21,15,2017,16
Cowboys,0,0,Eagles,-14,16,2017,17
Dolphins,0,0,Seahawks,-2,1,2017,1
Dolphins,0,0,Patriots,-7,2,2017,2
Dolphins,1,1,Browns,6,3,2017,3
Dolphins,0,0,Bengals,-15,4,2017,4
Dolphins,1,0,Titans,-13,5,2017,5
Dolphins,1,1,Steelers,15,6,2017,6
Dolphins,1,1,Bills,3,7,2017,7
Dolphins,1,1,Jets,4,8,2017,9
Dolphins,0,1,Chargers,7,9,2017,10
Dolphins,0,1,Rams,4,10,2017,11
Dolphins,1,1,49ers,7,11,2017,12
Dolphins,0,0,Ravens,-32,12,2017,13
Dolphins,1,1,Cardinals,3,13,2017,14
Dolphins,0,1,Jets,21,14,2017,15
Dolphins,0,1,Bills,3,15,2017,16
Dolphins,1,0,Patriots,-21,16,2017,17
Eagles,1,1,Browns,19,1,2017,1
Eagles,0,1,Bears,15,2,2017,2
Eagles,1,1,Steelers,31,3,2017,3
Eagles,0,0,Lions,-1,4,2017,5
Eagles,0,0,Redskins,-7,5,2017,6
Eagles,1,1,Vikings,11,6,2017,7
Eagles,0,0,Cowboys,-6,7,2017,8
Eagles,0,0,Giants,-5,8,2017,9
Eagles,1,1,Falcons,9,9,2017,10
Eagles,0,0,Seahawks,-11,10,2017,11
Eagles,1,0,Packers,-14,11,2017,12
Eagles,0,0,Bengals,-18,12,2017,13
Eagles,1,0,Redskins,-5,13,2017,14
Eagles,0,0,Ravens,-1,14,2017,15
Eagles,1,1,Giants,5,15,2017,16
Eagles,1,1,Cowboys,14,16,2017,17
Falcons,1,0,Buccaneers,-7,1,2017,1
Falcons,0,1,Raiders,7,2,2017,2
Falcons,0,1,Saints,13,3,2017,3
Falcons,1,1,Panthers,15,4,2017,4
Falcons,0,1,Broncos,7,5,2017,5
Falcons,0,0,Seahawks,-2,6,2017,6
Falcons,1,0,Chargers,-3,7,2017,7
Falcons,1,1,Packers,1,8,2017,8
Falcons,0,1,Buccaneers,15,9,2017,9
Falcons,0,0,Eagles,-9,10,2017,10
Falcons,1,1,Cardinals,19,11,2017,12
Falcons,1,0,Chiefs,-1,12,2017,13
Falcons,0,1,Rams,28,13,2017,14
Falcons,1,1,49ers,28,14,2017,15
Falcons,0,1,Panthers,17,15,2017,16
Falcons,1,1,Saints,6,16,2017,17
Giants,0,1,Cowboys,1,1,2017,1
Giants,1,1,Saints,3,2,2017,2
Giants,1,0,Redskins,-2,3,2017,3
Giants,0,0,Vikings,-14,4,2017,4
Giants,0,0,Packers,-7,5,2017,5
Giants,1,1,Ravens,4,6,2017,6
Giants,0,1,Rams,7,7,2017,7
Giants,1,1,Eagles,5,8,2017,9
Giants,1,1,Bengals,1,9,2017,10
Giants,1,1,Bears,6,10,2017,11
Giants,0,1,Browns,14,11,2017,12
Giants,0,0,Steelers,-10,12,2017,13
Giants,1,1,Cowboys,3,13,2017,14
Giants,1,1,Lions,11,14,2017,15
Giants,0,0,Eagles,-5,15,2017,16
Giants,0,1,Redskins,9,16,2017,17
Jaguars,1,0,Packers,-4,1,2017,1
Jaguars,0,0,Chargers,-24,2,2017,2
Jaguars,1,0,Ravens,-2,3,2017,3
Jaguars,1,1,Colts,3,4,2017,4
Jaguars,0,1,Bears,1,5,2017,6
Jaguars,1,0,Raiders,-17,6,2017,7
Jaguars,0,0,Titans,-14,7,2017,8
Jaguars,0,0,Chiefs,-5,8,2017,9
Jaguars,1,0,Texans,-3,9,2017,10
Jaguars,0,0,Lions,-7,10,2017,11
Jaguars,0,0,Bills,-7,11,2017,12
Jaguars,1,0,Broncos,-10,12,2017,13
Jaguars,1,0,Vikings,-9,13,2017,14
Jaguars,0,0,Texans,-1,14,2017,15
Jaguars,1,1,Titans,21,15,2017,16
Jaguars,0,0,Colts,-4,16,2017,17
Jets,1,0,Bengals,-1,1,2017,1
Jets,0,1,Bills,6,2,2017,2
Jets,0,0,Chiefs,-21,3,2017,3
Jets,1,0,Seahawks,-10,4,2017,4
Jets,0,0,Steelers,-18,5,2017,5
Jets,0,0,Cardinals,-25,6,2017,6
Jets,1,1,Ravens,8,7,2017,7
Jets,0,1,Browns,3,8,2017,8
Jets,0,0,Dolphins,-4,9,2017,9
Jets,1,0,Rams,-3,10,2017,10
Jets,1,0,Patriots,-5,11,2017,12
Jets,1,0,Colts,-31,12,2017,13
Jets,0,1,49ers,6,13,2017,14
Jets,1,0,Dolphins,-21,14,2017,15
Jets,0,0,Patriots,-38,15,2017,16
Jets,1,1,Bills,20,16,2017,17
Lions,0,1,Colts,4,1,2017,1
Lions,1,0,Titans,-1,2,2017,2
Lions,0,0,Packers,-7,3,2017,3
Lions,0,0,Bears,-3,4,2017,4
Lions,1,1,Eagles,1,5,2017,5
Lions,1,1,Rams,3,6,2017,6
Lions,1,1,Redskins,3,7,2017,7
Lions,0,0,Texans,-7,8,2017,8
Lions,0,1,Vikings,6,9,2017,9
Lions,1,1,Jaguars,7,10,2017,11
Lions,1,1,Vikings,3,11,2017,12
Lions,0,1,Saints,15,12,2017,13
Lions,1,1,Bears,3,13,2017,14
Lions,0,0,Giants,-11,14,2017,15
Lions,0,0,Cowboys,-21,15,2017,16
Lions,1,0,Packers,-7,16,2017,17
Packers,0,1,Jaguars,4,1,2017,1
Packers,0,0,Vikings,-3,2,2017,2
Packers,1,1,Lions,7,3,2017,3
Packers,1,1,Giants,7,4,2017,5
Packers,1,0,Cowboys,-14,5,2017,6
Packers,1,1,Bears,16,6,2017,7
Packers,0,0,Falcons,-1,7,2017,8
Packers,1,0,Colts,-5,8,2017,9
Packers,0,0,Titans,-22,9,2017,10
Packers,0,0,Redskins,-18,10,2017,11
Packers,0,1,Eagles,14,11,2017,12
Packers,1,1,Texans,8,12,2017,13
Packers,1,1,Seahawks,28,13,2017,14
Packers,0,1,Bears,3,14,2017,15
Packers,1,1,Vikings,13,15,2017,16
Packers,0,1,Lions,7,16,2017,17
Panthers,0,0,Broncos,-1,1,2017,1
Panthers,1,1,49ers,19,2,2017,2
Panthers,1,0,Vikings,-12,3,2017,3
Panthers,0,0,Falcons,-15,4,2017,4
Panthers,1,0,Buccaneers,-3,5,2017,5
Panthers,0,0,Saints,-3,6,2017,6
Panthers,1,1,Cardinals,10,7,2017,8
Panthers,0,1,Rams,3,8,2017,9
Panthers,1,0,Chiefs,-3,9,2017,10
Panthers,1,1,Saints,3,10,2017,11
Panthers,0,0,Raiders,-3,11,2017,12
Panthers,0,0,Seahawks,-33,12,2017,13
Panthers,1,1,Chargers,12,13,2017,14
Panthers,0,1,Redskins,11,14,2017,15
Panthers,1,0,Falcons,-17,15,2017,16
Panthers,0,0,Buccaneers,-1,16,2017,17
Patriots,0,1,Cardinals,2,1,2017,1
Patriots,1,1,Dolphins,7,2,2017,2
Patriots,1,1,Texans,27,3,2017,3
Patriots,1,0,Bills,-16,4,2017,4
Patriots,0,1,Browns,20,5,2017,5
Patriots,1,1,Bengals,18,6,2017,6
Patriots,0,1,Steelers,11,7,2017,7
Patriots,0,1,Bills,16,8,2017,8
Patriots,1,0,Seahawks,-7,9,2017,10
Patriots,0,1,49ers,13,10,2017,11
Patriots,0,1,Jets,5,11,2017,12
Patriots,1,1,Rams,16,12,2017,13
Patriots,1,1,Ravens,7,13,2017,14
Patriots,0,1,Broncos,13,14,2017,15
Patriots,1,1,Jets,38,15,2017,16
Patriots,0,1,Dolphins,21,16,2017,17
Raiders,0,1,Saints,1,1,2017,1
Raiders,1,0,Falcons,-7,2,2017,2
Raiders,0,1,Titans,7,3,2017,3
Raiders,0,1,Ravens,1,4,2017,4
Raiders,1,1,Chargers,3,5,2017,5
Raiders,1,0,Chiefs,-16,6,2017,6
Raiders,0,1,Jaguars,17,7,2017,7
Raiders,0,1,Buccaneers,6,8,2017,8
Raiders,1,1,Broncos,10,9,2017,9
Raiders,1,1,Texans,7,10,2017,11
Raiders,1,1,Panthers,3,11,2017,12
Raiders,1,1,Bills,14,12,2017,13
Raiders,0,0,Chiefs,-8,13,2017,14
Raiders,0,1,Chargers,3,14,2017,15
Raiders,1,1,Colts,8,15,2017,16
Raiders,0,0,Broncos,-18,16,2017,17
Rams,0,0,49ers,-28,1,2017,1
Rams,1,1,Seahawks,6,2,2017,2
Rams,0,1,Buccaneers,5,3,2017,3
Rams,0,1,Cardinals,4,4,2017,4
Rams,1,0,Bills,-11,5,2017,5
Rams,0,0,Lions,-3,6,2017,6
Rams,1,0,Giants,-7,7,2017,7
Rams,1,0,Panthers,-3,8,2017,9
Rams,0,1,Jets,3,9,2017,10
Rams,1,0,Dolphins,-4,10,2017,11
Rams,0,0,Saints,-28,11,2017,12
Rams,0,0,Patriots,-16,12,2017,13
Rams,1,0,Falcons,-28,13,2017,14
Rams,0,0,Seahawks,-21,14,2017,15
Rams,1,0,49ers,-1,15,2017,16
Rams,1,0,Cardinals,-38,16,2017,17
Ravens,1,1,Bills,6,1,2017,1
Ravens,0,1,Browns,5,2,2017,2
Ravens,0,1,Jaguars,2,3,2017,3
Ravens,1,0,Raiders,-1,4,2017,4
Ravens,1,0,Redskins,-6,5,2017,5
Ravens,0,0,Giants,-4,6,2017,6
Ravens,0,0,Jets,-8,7,2017,7
Ravens,1,1,Steelers,7,8,2017,9
Ravens,1,1,Browns,21,9,2017,10
Ravens,0,0,Cowboys,-10,10,2017,11
Ravens,1,1,Bengals,5,11,2017,12
Ravens,1,1,Dolphins,32,12,2017,13
Ravens,0,0,Patriots,-7,13,2017,14
Ravens,1,1,Eagles,1,14,2017,15
Ravens,0,0,Steelers,-4,15,2017,16
Ravens,0,0,Bengals,-17,16,2017,17
Redskins,1,0,Steelers,-22,1,2017,1
Redskins,1,0,Cowboys,-4,2,2017,2
Redskins,0,1,Giants,2,3,2017,3
Redskins,1,1,Browns,11,4,2017,4
Redskins,0,1,Ravens,6,5,2017,5
Redskins,1,1,Eagles,7,6,2017,6
Redskins,0,0,Lions,-3,7,2017,7
Redskins,0,0.5,Bengals,0,8,2017,8
Redskins,1,1,Vikings,6,9,2017,10
Redskins,1,1,Packers,18,10,2017,11
Redskins,0,0,Cowboys,-5,11,2017,12
Redskins,0,0,Cardinals,-8,12,2017,13
Redskins,0,1,Eagles,5,13,2017,14
Redskins,1,0,Panthers,-11,14,2017,15
Redskins,0,1,Bears,20,15,2017,16
Redskins,1,0,Giants,-9,16,2017,17
Saints,1,0,Raiders,-1,1,2017,1
Saints,0,0,Giants,-3,2,2017,2
Saints,1,0,Falcons,-13,3,2017,3
Saints,0,1,Chargers,1,4,2017,4
Saints,1,1,Panthers,3,5,2017,6
Saints,0,0,Chiefs,-6,6,2017,7
Saints,1,1,Seahawks,5,7,2017,8
Saints,0,1,49ers,18,8,2017,9
Saints,1,0,Broncos,-2,9,2017,10
Saints,0,0,Panthers,-3,10,2017,11
Saints,1,1,Rams,28,11,2017,12
Saints,1,0,Lions,-15,12,2017,13
Saints,0,0,Buccaneers,-5,13,2017,14
Saints,0,1,Cardinals,7,14,2017,15
Saints,1,1,Buccaneers,7,15,2017,16
Saints,0,0,Falcons,-6,16,2017,17
Seahawks,1,1,Dolphins,2,1,2017,1
Seahawks,0,0,Rams,-6,2,2017,2
Seahawks,1,1,49ers,19,3,2017,3
Seahawks,0,1,Jets,10,4,2017,4
Seahawks,1,1,Falcons,2,5,2017,6
Seahawks,0,0.5,Cardinals,0,6,2017,7
Seahawks,0,0,Saints,-5,7,2017,8
Seahawks,1,1,Bills,6,8,2017,9
Seahawks,0,1,Patriots,7,9,2017,10
Seahawks,1,1,Eagles,11,10,2017,11
Seahawks,0,0,Buccaneers,-9,11,2017,12
Seahawks,1,1,Panthers,33,12,2017,13
Seahawks,0,0,Packers,-28,13,2017,14
Seahawks,1,1,Rams,21,14,2017,15
Seahawks,1,0,Cardinals,-3,15,2017,16
Seahawks,0,1,49ers,2,16,2017,17
Steelers,0,1,Redskins,22,1,2017,1
Steelers,1,1,Bengals,8,2,2017,2
Steelers,0,0,Eagles,-31,3,2017,3
Steelers,1,1,Chiefs,29,4,2017,4
Steelers,1,1,Jets,18,5,2017,5
Steelers,0,0,Dolphins,-15,6,2017,6
Steelers,1,0,Patriots,-11,7,2017,7
Steelers,0,0,Ravens,-7,8,2017,9
Steelers,1,0,Cowboys,-5,9,2017,10
Steelers,0,1,Browns,15,10,2017,11
Steelers,0,1,Colts,21,11,2017,12
Steelers,1,1,Giants,10,12,2017,13
Steelers,0,1,Bills,7,13,2017,14
Steelers,0,1,Bengals,4,14,2017,15
Steelers,1,1,Ravens,4,15,2017,16
Steelers,1,1,Browns,3,16,2017,17
Texans,1,1,Bears,9,1,2017,1
Texans,1,1,Chiefs,7,2,2017,2
Texans,0,0,Patriots,-27,3,2017,3
Texans,1,1,Titans,7,4,2017,4
Texans,0,0,Vikings,-18,5,2017,5
Texans,1,1,Colts,3,6,2017,6
Texans,0,0,Broncos,-18,7,2017,7
Texans,1,1,Lions,7,8,2017,8
Texans,0,1,Jaguars,3,9,2017,10
Texans,0,0,Raiders,-7,10,2017,11
Texans,1,0,Chargers,-8,11,2017,12
Texans,0,0,Packers,-8,12,2017,13
Texans,0,1,Colts,5,13,2017,14
Texans,1,1,Jaguars,1,14,2017,15
Texans,1,1,Bengals,2,15,2017,16
Texans,0,0,Titans,-7,16,2017,17
Titans,1,0,Vikings,-9,1,2017,1
Titans,0,1,Lions,1,2,2017,2
Titans,1,0,Raiders,-7,3,2017,3
Titans,0,0,Texans,-7,4,2017,4
Titans,0,1,Dolphins,13,5,2017,5
Titans,1,1,Browns,2,6,2017,6
Titans,1,0,Colts,-8,7,2017,7
Titans,1,1,Jaguars,14,8,2017,8
Titans,0,0,Chargers,-8,9,2017,9
Titans,1,1,Packers,22,10,2017,10
Titans,0,0,Colts,-7,11,2017,11
Titans,0,1,Bears,6,12,2017,12
Titans,1,1,Broncos,3,13,2017,14
Titans,0,1,Chiefs,2,14,2017,15
Titans,0,0,Jaguars,-21,15,2017,16
Titans,1,1,Texans,7,16,2017,17
Vikings,0,1,Titans,9,1,2017,1
Vikings,1,1,Packers,3,2,2017,2
Vikings,0,1,Panthers,12,3,2017,3
Vikings,1,1,Giants,14,4,2017,4
Vikings,1,1,Texans,18,5,2017,5
Vikings,0,0,Eagles,-11,6,2017,7
Vikings,0,0,Bears,-10,7,2017,8
Vikings,1,0,Lions,-6,8,2017,9
Vikings,0,0,Redskins,-6,9,2017,10
Vikings,1,1,Cardinals,6,10,2017,11
Vikings,0,0,Lions,-3,11,2017,12
Vikings,1,0,Cowboys,-2,12,2017,13
Vikings,0,1,Jaguars,9,13,2017,14
Vikings,1,0,Colts,-28,14,2017,15
Vikings,0,0,Packers,-13,15,2017,16
Vikings,1,1,Bears,28,16,2017,17
49ers,1,1,Vikings,17,1,2016,1
49ers,0,0,Steelers,-25,2,2016,2
49ers,0,0,Cardinals,-40,3,2016,3
49ers,1,0,Packers,-14,4,2016,4
49ers,0,0,Giants,-3,5,2016,5
49ers,1,1,Ravens,5,6,2016,6
49ers,1,0,Seahawks,-17,7,2016,7
49ers,0,0,Rams,-21,8,2016,8
49ers,1,1,Falcons,1,9,2016,9
49ers,0,0,Seahawks,-16,10,2016,11
49ers,1,0,Cardinals,-6,11,2016,12
49ers,0,1,Bears,6,12,2016,13
49ers,0,0,Browns,-14,13,2016,14
49ers,1,0,Bengals,-10,14,2016,15
49ers,0,0,Lions,-15,15,2016,16
49ers,1,1,Rams,3,16,2016,17
Bears,1,0,Packers,-8,1,2016,1
Bears,1,0,Cardinals,-25,2,2016,2
Bears,0,0,Seahawks,-26,3,2016,3
Bears,1,1,Raiders,2,4,2016,4
Bears,0,1,Chiefs,1,5,2016,5
Bears,0,0,Lions,-3,6,2016,6
Bears,1,0,Vikings,-3,7,2016,8
Bears,0,1,Chargers,3,8,2016,9
Bears,0,1,Rams,24,9,2016,10
Bears,1,0,Broncos,-2,10,2016,11
Bears,0,1,Packers,4,11,2016,12
Bears,1,0,49ers,-6,12,2016,13
Bears,1,0,Redskins,-3,13,2016,14
Bears,0,0,Vikings,-21,14,2016,15
Bears,0,1,Buccaneers,5,15,2016,16
Bears,1,0,Lions,-4,16,2016,17
Bengals,0,1,Raiders,20,1,2016,1
Bengals,1,1,Chargers,5,2,2016,2
Bengals,0,1,Ravens,4,3,2016,3
Bengals,1,1,Chiefs,15,4,2016,4
Bengals,1,1,Seahawks,3,5,2016,5
Bengals,0,1,Bills,13,6,2016,6
Bengals,0,1,Steelers,6,7,2016,8
Bengals,1,1,Browns,21,8,2016,9
Bengals,1,0,Texans,-4,9,2016,10
Bengals,0,0,Cardinals,-3,10,2016,11
Bengals,1,1,Rams,24,11,2016,12
Bengals,0,1,Browns,34,12,2016,13
Bengals,1,0,Steelers,-13,13,2016,14
Bengals,0,1,49ers,10,14,2016,15
Bengals,0,0,Broncos,-3,15,2016,16
Bengals,1,1,Ravens,8,16,2016,17
Bills,1,1,Colts,13,1,2016,1
Bills,1,0,Patriots,-8,2,2016,2
Bills,0,1,Dolphins,27,3,2016,3
Bills,1,0,Giants,-14,4,2016,4
Bills,0,1,Titans,1,5,2016,5
Bills,1,0,Bengals,-13,6,2016,6
Bills,0,0,Jaguars,-3,7,2016,7
Bills,1,1,Dolphins,16,8,2016,9
Bills,0,1,Jets,5,9,2016,10
Bills,0,0,Patriots,-7,10,2016,11
Bills,0,0,Chiefs,-8,11,2016,12
Bills,1,1,Texans,9,12,2016,13
Bills,0,0,Eagles,-3,13,2016,14
Bills,0,0,Redskins,-10,14,2016,15
Bills,1,1,Cowboys,10,15,2016,16
Bills,1,1,Jets,5,16,2016,17
Broncos,1,1,Ravens,6,1,2016,1
Broncos,0,1,Chiefs,7,2,2016,2
Broncos,0,1,Lions,12,3,2016,3
Broncos,1,1,Vikings,3,4,2016,4
Broncos,0,1,Raiders,6,5,2016,5
Broncos,0,1,Browns,3,6,2016,6
Broncos,1,1,Packers,19,7,2016,8
Broncos,0,0,Colts,-3,8,2016,9
Broncos,1,0,Chiefs,-16,9,2016,10
Broncos,0,1,Bears,2,10,2016,11
Broncos,1,1,Patriots,6,11,2016,12
Broncos,0,1,Chargers,14,12,2016,13
Broncos,1,0,Raiders,-3,13,2016,14
Broncos,0,0,Steelers,-7,14,2016,15
Broncos,1,1,Bengals,3,15,2016,16
Broncos,1,1,Chargers,7,16,2016,17
Browns,0,0,Jets,-21,1,2016,1
Browns,1,1,Titans,14,2,2016,2
Browns,1,0,Raiders,-7,3,2016,3
Browns,0,0,Chargers,-3,4,2016,4
Browns,0,1,Ravens,3,5,2016,5
Browns,1,0,Broncos,-3,6,2016,6
Browns,0,0,Rams,-18,7,2016,7
Browns,1,0,Cardinals,-14,8,2016,8
Browns,0,0,Bengals,-21,9,2016,9
Browns,0,0,Steelers,-21,10,2016,10
Browns,1,0,Ravens,-6,11,2016,12
Browns,1,0,Bengals,-34,12,2016,13
Browns,1,1,49ers,14,13,2016,14
Browns,0,0,Seahawks,-17,14,2016,15
Browns,0,0,Chiefs,-4,15,2016,16
Browns,1,0,Steelers,-16,16,2016,17
Buccaneers,1,0,Titans,-28,1,2016,1
Buccaneers,0,1,Saints,7,2,2016,2
Buccaneers,0,0,Texans,-10,3,2016,3
Buccaneers,1,0,Panthers,-14,4,2016,4
Buccaneers,1,1,Jaguars,7,5,2016,5
Buccaneers,0,0,Redskins,-1,6,2016,7
Buccaneers,0,1,Falcons,3,7,2016,8
Buccaneers,1,0,Giants,-14,8,2016,9
Buccaneers,1,1,Cowboys,4,9,2016,10
Buccaneers,0,1,Eagles,28,10,2016,11
Buccaneers,0,0,Colts,-13,11,2016,12
Buccaneers,1,1,Falcons,4,12,2016,13
Buccaneers,1,0,Saints,-7,13,2016,14
Buccaneers,0,0,Rams,-8,14,2016,15
Buccaneers,1,0,Bears,-5,15,2016,16
Buccaneers,0,0,Panthers,-28,16,2016,17
Cardinals,1,1,Saints,12,1,2016,1
Cardinals,0,1,Bears,25,2,2016,2
Cardinals,1,1,49ers,40,3,2016,3
Cardinals,1,0,Rams,-2,4,2016,4
Cardinals,0,1,Lions,25,5,2016,5
Cardinals,0,0,Steelers,-12,6,2016,6
Cardinals,1,1,Ravens,8,7,2016,7
Cardinals,0,1,Browns,14,8,2016,8
Cardinals,0,1,Seahawks,7,9,2016,10
Cardinals,1,1,Bengals,3,10,2016,11
Cardinals,0,1,49ers,6,11,2016,12
Cardinals,0,1,Rams,24,12,2016,13
Cardinals,1,1,Vikings,3,13,2016,14
Cardinals,0,1,Eagles,23,14,2016,15
Cardinals,1,1,Packers,30,15,2016,16
Cardinals,1,0,Seahawks,-30,16,2016,17
Chargers,1,1,Lions,5,1,2016,1
Chargers,0,0,Bengals,-5,2,2016,2
Chargers,0,0,Vikings,-17,3,2016,3
Chargers,1,1,Browns,3,4,2016,4
Chargers,1,0,Steelers,-4,5,2016,5
Chargers,0,0,Packers,-7,6,2016,6
Chargers,1,0,Raiders,-8,7,2016,7
Chargers,0,0,Ravens,-3,8,2016,8
Chargers,1,0,Bears,-3,9,2016,9
Chargers,1,0,Chiefs,-30,10,2016,11
Chargers,0,1,Jaguars,6,11,2016,12
Chargers,1,0,Broncos,-14,12,2016,13
Chargers,0,0,Chiefs,-7,13,2016,14
Chargers,1,1,Dolphins,16,14,2016,15
Chargers,0,0,Raiders,-3,15,2016,16
Chargers,0,0,Broncos,-7,16,2016,17
Chiefs,0,1,Texans,7,1,2016,1
Chiefs,1,0,Broncos,-7,2,2016,2
Chiefs,0,0,Packers,-10,3,2016,3
Chiefs,0,0,Bengals,-15,4,2016,4
Chiefs,1,0,Bears,-1,5,2016,5
Chiefs,0,0,Vikings,-6,6,2016,6
Chiefs,1,1,Steelers,10,7,2016,7
Chiefs,1,1,Lions,35,8,2016,8
Chiefs,0,1,Broncos,16,9,2016,10
Chiefs,0,1,Chargers,30,10,2016,11
Chiefs,1,1,Bills,8,11,2016,12
Chiefs,0,1,Raiders,14,12,2016,13
Chiefs,1,1,Chargers,7,13,2016,14
Chiefs,0,1,Ravens,20,14,2016,15
Chiefs,1,1,Browns,4,15,2016,16
Chiefs,1,1,Raiders,6,16,2016,17
Colts,0,0,Bills,-13,1,2016,1
Colts,1,0,Jets,-13,2,2016,2
Colts,0,1,Titans,2,3,2016,3
Colts,1,1,Jaguars,3,4,2016,4
Colts,0,1,Texans,7,5,2016,5
Colts,1,0,Patriots,-7,6,2016,6
Colts,1,0,Saints,-6,7,2016,7
Colts,0,0,Panthers,-3,8,2016,8
Colts,1,1,Broncos,3,9,2016,9
Colts,0,1,Falcons,3,10,2016,11
Colts,1,1,Buccaneers,13,11,2016,12
Colts,0,0,Steelers,-35,12,2016,13
Colts,0,0,Jaguars,-35,13,2016,14
Colts,1,0,Texans,-6,14,2016,15
Colts,0,1,Dolphins,6,15,2016,16
Colts,1,1,Titans,6,16,2016,17
Cowboys,1,1,Giants,1,1,2016,1
Cowboys,0,1,Eagles,10,2,2016,2
Cowboys,1,0,Falcons,-11,3,2016,3
Cowboys,0,0,Saints,-6,4,2016,4
Cowboys,1,0,Patriots,-24,5,2016,5
Cowboys,0,0,Giants,-7,6,2016,7
Cowboys,1,0,Seahawks,-1,7,2016,8
Cowboys,1,0,Eagles,-6,8,2016,9
Cowboys,0,0,Buccaneers,-4,9,2016,10
Cowboys,0,1,Dolphins,10,10,2016,11
Cowboys,1,0,Panthers,-19,11,2016,12
Cowboys,0,1,Redskins,3,12,2016,13
Cowboys,0,0,Packers,-21,13,2016,14
Cowboys,1,0,Jets,-3,14,2016,15
Cowboys,0,0,Bills,-10,15,2016,16
Cowboys,1,0,Redskins,-11,16,2016,17
Dolphins,0,1,Redskins,7,1,2016,1
Dolphins,0,0,Jaguars,-3,2,2016,2
Dolphins,1,0,Bills,-27,3,2016,3
Dolphins,1,0,Jets,-13,4,2016,4
Dolphins,0,1,Titans,28,5,2016,6
Dolphins,1,1,Texans,18,6,2016,7
Dolphins,0,0,Patriots,-29,7,2016,8
Dolphins,0,0,Bills,-16,8,2016,9
Dolphins,0,1,Eagles,1,9,2016,10
Dolphins,1,0,Cowboys,-10,10,2016,11
Dolphins,0,0,Jets,-18,11,2016,12
Dolphins,1,1,Ravens,2,12,2016,13
Dolphins,1,0,Giants,-7,13,2016,14
Dolphins,0,0,Chargers,-16,14,2016,15
Dolphins,1,0,Colts,-6,15,2016,16
Dolphins,1,1,Patriots,10,16,2016,17
Eagles,0,0,Falcons,-2,1,2016,1
Eagles,1,0,Cowboys,-10,2,2016,2
Eagles,0,1,Jets,7,3,2016,3
Eagles,0,0,Redskins,-3,4,2016,4
Eagles,1,1,Saints,22,5,2016,5
Eagles,1,1,Giants,20,6,2016,6
Eagles,0,0,Panthers,-11,7,2016,7
Eagles,0,1,Cowboys,6,8,2016,9
Eagles,1,0,Dolphins,-1,9,2016,10
Eagles,1,0,Buccaneers,-28,10,2016,11
Eagles,0,0,Lions,-31,11,2016,12
Eagles,0,1,Patriots,7,12,2016,13
Eagles,1,1,Bills,3,13,2016,14
Eagles,1,0,Cardinals,-23,14,2016,15
Eagles,1,0,Redskins,-14,15,2016,16
Eagles,0,1,Giants,5,16,2016,17
Falcons,1,1,Eagles,2,1,2016,1
Falcons,0,1,Giants,4,2,2016,2
Falcons,0,1,Cowboys,11,3,2016,3
Falcons,1,1,Texans,27,4,2016,4
Falcons,1,1,Redskins,6,5,2016,5
Falcons,0,0,Saints,-10,6,2016,6
Falcons,0,1,Titans,3,7,2016,7
Falcons,1,0,Buccaneers,-3,8,2016,8
Falcons,0,0,49ers,-1,9,2016,9
Falcons,1,0,Colts,-3,10,2016,11
Falcons,1,0,Vikings,-10,11,2016,12
Falcons,0,0,Buccaneers,-4,12,2016,13
Falcons,0,0,Panthers,-38,13,2016,14
Falcons,0,1,Jaguars,6,14,2016,15
Falcons,1,1,Panthers,7,15,2016,16
Falcons,1,0,Saints,-3,16,2016,17
Giants,0,0,Cowboys,-1,1,2016,1
Giants,1,0,Falcons,-4,2,2016,2
Giants,1,1,Redskins,11,3,2016,3
Giants,0,1,Bills,14,4,2016,4
Giants,1,1,49ers,3,5,2016,5
Giants,0,0,Eagles,-20,6,2016,6
Giants,1,1,Cowboys,7,7,2016,7
Giants,0,0,Saints,-3,8,2016,8
Giants,0,1,Buccaneers,14,9,2016,9
Giants,1,0,Patriots,-1,10,2016,10
Giants,0,0,Redskins,-6,11,2016,12
Giants,1,0,Jets,-3,12,2016,13
Giants,0,1,Dolphins,7,13,2016,14
Giants,1,0,Panthers,-3,14,2016,15
Giants,0,0,Vikings,-32,15,2016,16
Giants,1,0,Eagles,-5,16,2016,17
Jaguars,1,0,Panthers,-11,1,2016,1
Jaguars,1,1,Dolphins,3,2,2016,2
Jaguars,0,0,Patriots,-34,3,2016,3
Jaguars,0,0,Colts,-3,4,2016,4
Jaguars,0,0,Buccaneers,-7,5,2016,5
Jaguars,1,0,Texans,-11,6,2016,6
Jaguars,1,1,Bills,3,7,2016,7
Jaguars,0,0,Jets,-5,8,2016,9
Jaguars,0,1,Ravens,2,9,2016,10
Jaguars,1,1,Titans,6,10,2016,11
Jaguars,1,0,Chargers,-6,11,2016,12
Jaguars,0,0,Titans,-3,12,2016,13
Jaguars,1,1,Colts,35,13,2016,14
Jaguars,1,0,Falcons,-6,14,2016,15
Jaguars,0,0,Saints,-11,15,2016,16
Jaguars,0,0,Texans,-24,16,2016,17
Jets,1,1,Browns,21,1,2016,1
Jets,0,1,Colts,13,2,2016,2
Jets,1,0,Eagles,-7,3,2016,3
Jets,0,1,Dolphins,13,4,2016,4
Jets,1,1,Redskins,14,5,2016,6
Jets,0,0,Patriots,-7,6,2016,7
Jets,0,0,Raiders,-14,7,2016,8
Jets,1,1,Jaguars,5,8,2016,9
Jets,1,0,Bills,-5,9,2016,10
Jets,0,0,Texans,-7,10,2016,11
Jets,1,1,Dolphins,18,11,2016,12
Jets,0,1,Giants,3,12,2016,13
Jets,1,1,Titans,22,13,2016,14
Jets,0,1,Cowboys,3,14,2016,15
Jets,1,1,Patriots,6,15,2016,16
Jets,0,0,Bills,-5,16,2016,17
Lions,0,0,Chargers,-5,1,2016,1
Lions,0,0,Vikings,-10,2,2016,2
Lions,1,0,Broncos,-12,3,2016,3
Lions,0,0,Seahawks,-3,4,2016,4
Lions,1,0,Cardinals,-25,5,2016,5
Lions,1,1,Bears,3,6,2016,6
Lions,1,0,Vikings,-9,7,2016,7
Lions,0,0,Chiefs,-35,8,2016,8
Lions,0,1,Packers,2,9,2016,10
Lions,1,1,Raiders,5,10,2016,11
Lions,1,1,Eagles,31,11,2016,12
Lions,1,0,Packers,-4,12,2016,13
Lions,0,0,Rams,-7,13,2016,14
Lions,0,1,Saints,8,14,2016,15
Lions,1,1,49ers,15,15,2016,16
Lions,0,1,Bears,4,16,2016,17
Packers,0,1,Bears,8,1,2016,1
Packers,1,1,Seahawks,10,2,2016,2
Packers,1,1,Chiefs,10,3,2016,3
Packers,0,1,49ers,14,4,2016,4
Packers,1,1,Rams,14,5,2016,5
Packers,1,1,Chargers,7,6,2016,6
Packers,0,0,Broncos,-19,7,2016,8
Packers,0,0,Panthers,-8,8,2016,9
Packers,1,0,Lions,-2,9,2016,10
Packers,0,1,Vikings,17,10,2016,11
Packers,1,0,Bears,-4,11,2016,12
Packers,0,1,Lions,4,12,2016,13
Packers,1,1,Cowboys,21,13,2016,14
Packers,0,1,Raiders,10,14,2016,15
Packers,0,0,Cardinals,-30,15,2016,16
Packers,1,0,Vikings,-7,16,2016,17
Panthers,0,1,Jaguars,11,1,2016,1
Panthers,1,1,Texans,7,2,2016,2
Panthers,1,1,Saints,5,3,2016,3
Panthers,0,1,Buccaneers,14,4,2016,4
Panthers,0,1,Seahawks,4,5,2016,6
Panthers,1,1,Eagles,11,6,2016,7
Panthers,1,1,Colts,3,7,2016,8
Panthers,1,1,Packers,8,8,2016,9
Panthers,0,1,Titans,17,9,2016,10
Panthers,1,1,Redskins,28,10,2016,11
Panthers,0,1,Cowboys,19,11,2016,12
Panthers,0,1,Saints,3,12,2016,13
Panthers,1,1,Falcons,38,13,2016,14
Panthers,0,1,Giants,3,14,2016,15
Panthers,0,0,Falcons,-7,15,2016,16
Panthers,1,1,Buccaneers,28,16,2016,17
Patriots,1,1,Steelers,7,1,2016,1
Patriots,0,1,Bills,8,2,2016,2
Patriots,1,1,Jaguars,34,3,2016,3
Patriots,0,1,Cowboys,24,4,2016,5
Patriots,0,1,Colts,7,5,2016,6
Patriots,1,1,Jets,7,6,2016,7
Patriots,1,1,Dolphins,29,7,2016,8
Patriots,1,1,Redskins,17,8,2016,9
Patriots,0,1,Giants,1,9,2016,10
Patriots,1,1,Bills,7,10,2016,11
Patriots,0,0,Broncos,-6,11,2016,12
Patriots,1,0,Eagles,-7,12,2016,13
Patriots,0,1,Texans,21,13,2016,14
Patriots,1,1,Titans,17,14,2016,15
Patriots,0,0,Jets,-6,15,2016,16
Patriots,0,0,Dolphins,-10,16,2016,17
Raiders,1,0,Bengals,-20,1,2016,1
Raiders,1,1,Ravens,4,2,2016,2
Raiders,0,1,Browns,7,3,2016,3
Raiders,0,0,Bears,-2,4,2016,4
Raiders,1,0,Broncos,-6,5,2016,5
Raiders,0,1,Chargers,8,6,2016,7
Raiders,1,1,Jets,14,7,2016,8
Raiders,0,0,Steelers,-3,8,2016,9
Raiders,1,0,Vikings,-16,9,2016,10
Raiders,0,0,Lions,-5,10,2016,11
Raiders,0,1,Titans,3,11,2016,12
Raiders,1,0,Chiefs,-14,12,2016,13
Raiders,0,1,Broncos,3,13,2016,14
Raiders,1,0,Packers,-10,14,2016,15
Raiders,1,1,Chargers,3,15,2016,16
Raiders,0,0,Chiefs,-6,16,2016,17
Rams,1,1,Seahawks,3,1,2016,1
Rams,0,0,Redskins,-14,2,2016,2
Rams,1,0,Steelers,-6,3,2016,3
Rams,0,1,Cardinals,2,4,2016,4
Rams,0,0,Packers,-14,5,2016,5
Rams,1,1,Browns,18,6,2016,7
Rams,1,1,49ers,21,7,2016,8
Rams,0,0,Vikings,-3,8,2016,9
Rams,1,0,Bears,-24,9,2016,10
Rams,0,0,Ravens,-3,10,2016,11
Rams,0,0,Bengals,-24,11,2016,12
Rams,1,0,Cardinals,-24,12,2016,13
Rams,1,1,Lions,7,13,2016,14
Rams,1,1,Buccaneers,8,14,2016,15
Rams,0,1,Seahawks,6,15,2016,16
Rams,0,0,49ers,-3,16,2016,17
Ravens,0,0,Broncos,-6,1,2016,1
Ravens,0,0,Raiders,-4,2,2016,2
Ravens,1,0,Bengals,-4,3,2016,3
Ravens,0,1,Steelers,3,4,2016,4
Ravens,1,0,Browns,-3,5,2016,5
Ravens,0,0,49ers,-5,6,2016,6
Ravens,0,0,Cardinals,-8,7,2016,7
Ravens,1,1,Chargers,3,8,2016,8
Ravens,1,0,Jaguars,-2,9,2016,10
Ravens,1,1,Rams,3,10,2016,11
Ravens,0,1,Browns,6,11,2016,12
Ravens,0,0,Dolphins,-2,12,2016,13
Ravens,1,0,Seahawks,-29,13,2016,14
Ravens,1,0,Chiefs,-20,14,2016,15
Ravens,1,1,Steelers,3,15,2016,16
Ravens,0,0,Bengals,-8,16,2016,17
Redskins,1,0,Dolphins,-7,1,2016,1
Redskins,1,1,Rams,14,2,2016,2
Redskins,0,0,Giants,-11,3,2016,3
Redskins,1,1,Eagles,3,4,2016,4
Redskins,0,0,Falcons,-6,5,2016,5
Redskins,0,0,Jets,-14,6,2016,6
Redskins,1,1,Buccaneers,1,7,2016,7
Redskins,0,0,Patriots,-17,8,2016,9
Redskins,1,1,Saints,33,9,2016,10
Redskins,0,0,Panthers,-28,10,2016,11
Redskins,1,1,Giants,6,11,2016,12
Redskins,1,0,Cowboys,-3,12,2016,13
Redskins,0,1,Bears,3,13,2016,14
Redskins,1,1,Bills,10,14,2016,15
Redskins,0,1,Eagles,14,15,2016,16
Redskins,0,1,Cowboys,11,16,2016,17
Saints,0,0,Cardinals,-12,1,2016,1
Saints,1,0,Buccaneers,-7,2,2016,2
Saints,0,0,Panthers,-5,3,2016,3
Saints,1,1,Cowboys,6,4,2016,4
Saints,0,0,Eagles,-22,5,2016,5
Saints,1,1,Falcons,10,6,2016,6
Saints,0,1,Colts,6,7,2016,7
Saints,1,1,Giants,3,8,2016,8
Saints,1,0,Titans,-6,9,2016,9
Saints,0,0,Redskins,-33,10,2016,10
Saints,0,0,Texans,-18,11,2016,12
Saints,1,0,Panthers,-3,12,2016,13
Saints,0,1,Buccaneers,7,13,2016,14
Saints,1,0,Lions,-8,14,2016,15
Saints,1,1,Jaguars,11,15,2016,16
Saints,0,1,Falcons,3,16,2016,17
Seahawks,0,0,Rams,-3,1,2016,1
Seahawks,0,0,Packers,-10,2,2016,2
Seahawks,1,1,Bears,26,3,2016,3
Seahawks,1,1,Lions,3,4,2016,4
Seahawks,0,0,Bengals,-3,5,2016,5
Seahawks,1,0,Panthers,-4,6,2016,6
Seahawks,0,1,49ers,17,7,2016,7
Seahawks,0,1,Cowboys,1,8,2016,8
Seahawks,1,0,Cardinals,-7,9,2016,10
Seahawks,1,1,49ers,16,10,2016,11
Seahawks,1,1,Steelers,9,11,2016,12
Seahawks,0,1,Vikings,31,12,2016,13
Seahawks,0,1,Ravens,29,13,2016,14
Seahawks,1,1,Browns,17,14,2016,15
Seahawks,1,0,Rams,-6,15,2016,16
Seahawks,0,1,Cardinals,30,16,2016,17
Steelers,0,0,Patriots,-7,1,2016,1
Steelers,1,1,49ers,25,2,2016,2
Steelers,0,1,Rams,6,3,2016,3
Steelers,1,0,Ravens,-3,4,2016,4
Steelers,0,1,Chargers,4,5,2016,5
Steelers,1,1,Cardinals,12,6,2016,6
Steelers,0,0,Chiefs,-10,7,2016,7
Steelers,1,0,Bengals,-6,8,2016,8
Steelers,1,1,Raiders,3,9,2016,9
Steelers,1,1,Browns,21,10,2016,10
Steelers,0,0,Seahawks,-9,11,2016,12
Steelers,1,1,Colts,35,12,2016,13
Steelers,0,1,Bengals,13,13,2016,14
Steelers,1,1,Broncos,7,14,2016,15
Steelers,0,0,Ravens,-3,15,2016,16
Steelers,0,1,Browns,16,16,2016,17
Texans,1,0,Chiefs,-7,1,2016,1
Texans,0,0,Panthers,-7,2,2016,2
Texans,1,1,Buccaneers,10,3,2016,3
Texans,0,0,Falcons,-27,4,2016,4
Texans,1,0,Colts,-7,5,2016,5
Texans,0,1,Jaguars,11,6,2016,6
Texans,0,0,Dolphins,-18,7,2016,7
Texans,1,1,Titans,14,8,2016,8
Texans,0,1,Bengals,4,9,2016,10
Texans,1,1,Jets,7,10,2016,11
Texans,1,1,Saints,18,11,2016,12
Texans,0,0,Bills,-9,12,2016,13
Texans,1,0,Patriots,-21,13,2016,14
Texans,0,1,Colts,6,14,2016,15
Texans,0,1,Titans,28,15,2016,16
Texans,1,1,Jaguars,24,16,2016,17
Titans,0,1,Buccaneers,28,1,2016,1
Titans,0,0,Browns,-14,2,2016,2
Titans,1,0,Colts,-2,3,2016,3
Titans,1,0,Bills,-1,4,2016,5
Titans,1,0,Dolphins,-28,5,2016,6
Titans,1,0,Falcons,-3,6,2016,7
Titans,0,0,Texans,-14,7,2016,8
Titans,0,1,Saints,6,8,2016,9
Titans,1,0,Panthers,-17,9,2016,10
Titans,0,0,Jaguars,-6,10,2016,11
Titans,1,0,Raiders,-3,11,2016,12
Titans,1,1,Jaguars,3,12,2016,13
Titans,0,0,Jets,-22,13,2016,14
Titans,0,0,Patriots,-17,14,2016,15
Titans,1,0,Texans,-28,15,2016,16
Titans,0,0,Colts,-6,16,2016,17
Vikings,0,0,49ers,-17,1,2016,1
Vikings,1,1,Lions,10,2,2016,2
Vikings,1,1,Chargers,17,3,2016,3
Vikings,0,0,Broncos,-3,4,2016,4
Vikings,1,1,Chiefs,6,5,2016,6
Vikings,0,1,Lions,9,6,2016,7
Vikings,0,1,Bears,3,7,2016,8
Vikings,1,1,Rams,3,8,2016,9
Vikings,0,1,Raiders,16,9,2016,10
Vikings,1,0,Packers,-17,10,2016,11
Vikings,0,1,Falcons,10,11,2016,12
Vikings,1,0,Seahawks,-31,12,2016,13
Vikings,0,0,Cardinals,-3,13,2016,14
Vikings,1,1,Bears,21,14,2016,15
Vikings,1,1,Giants,32,15,2016,16
Vikings,0,1,Packers,7,16,2016,17
49ers,0,1,Cowboys,11,1,2015,1
49ers,1,0,Bears,-8,2,2015,2
49ers,0,0,Cardinals,-9,3,2015,3
49ers,1,1,Eagles,5,4,2015,4
49ers,1,1,Chiefs,5,5,2015,5
49ers,0,1,Rams,14,6,2015,6
49ers,0,0,Broncos,-25,7,2015,7
49ers,1,0,Rams,-3,8,2015,9
49ers,0,1,Saints,3,9,2015,10
49ers,0,1,Giants,6,10,2015,11
49ers,1,1,Redskins,4,11,2015,12
49ers,1,0,Seahawks,-16,12,2015,13
49ers,0,0,Raiders,-11,13,2015,14
49ers,0,0,Seahawks,-10,14,2015,15
49ers,1,0,Chargers,-3,15,2015,16
49ers,1,1,Cardinals,3,16,2015,17
Bears,1,0,Bills,-3,1,2015,1
Bears,0,1,49ers,8,2,2015,2
Bears,0,1,Jets,8,3,2015,3
Bears,1,0,Packers,-21,4,2015,4
Bears,0,0,Panthers,-7,5,2015,5
Bears,0,1,Falcons,14,6,2015,6
Bears,1,0,Dolphins,-13,7,2015,7
Bears,0,0,Patriots,-28,8,2015,8
Bears,0,0,Packers,-41,9,2015,10
Bears,1,1,Vikings,8,10,2015,11
Bears,1,1,Buccaneers,8,11,2015,12
Bears,0,0,Lions,-17,12,2015,13
Bears,1,0,Cowboys,-13,13,2015,14
Bears,1,0,Saints,-16,14,2015,15
Bears,1,0,Lions,-6,15,2015,16
Bears,0,0,Vikings,-4,16,2015,17
Bengals,0,1,Ravens,7,1,2015,1
Bengals,1,1,Falcons,14,2,2015,2
Bengals,1,1,Titans,26,3,2015,3
Bengals,0,0,Patriots,-26,4,2015,5
Bengals,1,0.5,Panthers,0,5,2015,6
Bengals,0,0,Colts,-27,6,2015,7
Bengals,1,1,Ravens,3,7,2015,8
Bengals,1,1,Jaguars,10,8,2015,9
Bengals,1,0,Browns,-21,9,2015,10
Bengals,0,1,Saints,17,10,2015,11
Bengals,0,1,Texans,9,11,2015,12
Bengals,0,1,Buccaneers,1,12,2015,13
Bengals,1,0,Steelers,-21,13,2015,14
Bengals,0,1,Browns,30,14,2015,15
Bengals,1,1,Broncos,9,15,2015,16
Bengals,0,0,Steelers,-10,16,2015,17
Bills,0,1,Bears,3,1,2015,1
Bills,1,1,Dolphins,19,2,2015,2
Bills,1,0,Chargers,-12,3,2015,3
Bills,0,0,Texans,-6,4,2015,4
Bills,0,1,Lions,3,5,2015,5
Bills,1,0,Patriots,-15,6,2015,6
Bills,1,1,Vikings,1,7,2015,7
Bills,0,1,Jets,20,8,2015,8
Bills,1,0,Chiefs,-4,9,2015,10
Bills,0,0,Dolphins,-13,10,2015,11
Bills,1,1,Jets,35,11,2015,12
Bills,1,1,Browns,16,12,2015,13
Bills,0,0,Broncos,-7,13,2015,14
Bills,1,1,Packers,8,14,2015,15
Bills,0,0,Raiders,-2,15,2015,16
Bills,0,1,Patriots,8,16,2015,17
Broncos,1,1,Colts,7,1,2015,1
Broncos,1,1,Chiefs,7,2,2015,2
Broncos,0,0,Seahawks,-6,3,2015,3
Broncos,1,1,Cardinals,21,4,2015,5
Broncos,0,1,Jets,14,5,2015,6
Broncos,1,1,49ers,25,6,2015,7
Broncos,1,1,Chargers,14,7,2015,8
Broncos,0,0,Patriots,-22,8,2015,9
Broncos,0,1,Raiders,24,9,2015,10
Broncos,0,0,Rams,-15,10,2015,11
Broncos,1,1,Dolphins,3,11,2015,12
Broncos,0,1,Chiefs,13,12,2015,13
Broncos,1,1,Bills,7,13,2015,14
Broncos,0,1,Chargers,12,14,2015,15
Broncos,0,0,Bengals,-9,15,2015,16
Broncos,1,1,Raiders,33,16,2015,17
Browns,0,0,Steelers,-3,1,2015,1
Browns,1,1,Saints,2,2,2015,2
Browns,1,0,Ravens,-2,3,2015,3
Browns,0,1,Titans,1,4,2015,5
Browns,1,1,Steelers,21,5,2015,6
Browns,0,0,Jaguars,-18,6,2015,7
Browns,1,1,Raiders,10,7,2015,8
Browns,1,1,Buccaneers,5,8,2015,9
Browns,0,1,Bengals,21,9,2015,10
Browns,1,0,Texans,-16,10,2015,11
Browns,0,1,Falcons,2,11,2015,12
Browns,0,0,Bills,-16,12,2015,13
Browns,1,0,Colts,-1,13,2015,14
Browns,1,0,Bengals,-30,14,2015,15
Browns,0,0,Panthers,-4,15,2015,16
Browns,0,0,Ravens,-10,16,2015,17
Buccaneers,1,0,Panthers,-6,1,2015,1
Buccaneers,1,0,Rams,-2,2,2015,2
Buccaneers,0,0,Falcons,-42,3,2015,3
Buccaneers,0,1,Steelers,3,4,2015,4
Buccaneers,0,0,Saints,-6,5,2015,5
Buccaneers,1,0,Ravens,-31,6,2015,6
Buccaneers,1,0,Vikings,-6,7,2015,8
Buccaneers,0,0,Browns,-5,8,2015,9
Buccaneers,1,0,Falcons,-10,9,2015,10
Buccaneers,0,1,Redskins,20,10,2015,11
Buccaneers,0,0,Bears,-8,11,2015,12
Buccaneers,1,0,Bengals,-1,12,2015,13
Buccaneers,0,0,Lions,-17,13,2015,14
Buccaneers,0,0,Panthers,-2,14,2015,15
Buccaneers,1,0,Packers,-17,15,2015,16
Buccaneers,1,0,Saints,-3,16,2015,17
Cardinals,1,1,Chargers,1,1,2015,1
Cardinals,0,1,Giants,11,2,2015,2
Cardinals,1,1,49ers,9,3,2015,3
Cardinals,0,0,Broncos,-21,4,2015,5
Cardinals,1,1,Redskins,10,5,2015,6
Cardinals,0,1,Raiders,11,6,2015,7
Cardinals,1,1,Eagles,4,7,2015,8
Cardinals,0,1,Cowboys,11,8,2015,9
Cardinals,1,1,Rams,17,9,2015,10
Cardinals,1,1,Lions,8,10,2015,11
Cardinals,0,0,Seahawks,-16,11,2015,12
Cardinals,0,0,Falcons,-11,12,2015,13
Cardinals,1,1,Chiefs,3,13,2015,14
Cardinals,0,1,Rams,6,14,2015,15
Cardinals,1,0,Seahawks,-29,15,2015,16
Cardinals,0,0,49ers,-3,16,2015,17
Chargers,0,0,Cardinals,-1,1,2015,1
Chargers,1,1,Seahawks,9,2,2015,2
Chargers,0,1,Bills,12,3,2015,3
Chargers,1,1,Jaguars,19,4,2015,4
Chargers,1,1,Jets,31,5,2015,5
Chargers,0,1,Raiders,3,6,2015,6
Chargers,1,0,Chiefs,-3,7,2015,7
Chargers,0,0,Broncos,-14,8,2015,8
Chargers,0,0,Dolphins,-37,9,2015,9
Chargers,1,1,Raiders,7,10,2015,11
Chargers,1,1,Rams,3,11,2015,12
Chargers,0,1,Ravens,1,12,2015,13
Chargers,1,0,Patriots,-9,13,2015,14
Chargers,1,0,Broncos,-12,14,2015,15
Chargers,0,1,49ers,3,15,2015,16
Chargers,0,0,Chiefs,-12,16,2015,17
Chiefs,1,0,Titans,-16,1,2015,1
Chiefs,0,0,Broncos,-7,2,2015,2
Chiefs,0,1,Dolphins,19,3,2015,3
Chiefs,1,1,Patriots,27,4,2015,4
Chiefs,0,0,49ers,-5,5,2015,5
Chiefs,0,1,Chargers,3,6,2015,7
Chiefs,1,1,Rams,27,7,2015,8
Chiefs,1,1,Jets,14,8,2015,9
Chiefs,0,1,Bills,4,9,2015,10
Chiefs,1,1,Seahawks,4,10,2015,11
Chiefs,0,0,Raiders,-4,11,2015,12
Chiefs,1,0,Broncos,-13,12,2015,13
Chiefs,0,0,Cardinals,-3,13,2015,14
Chiefs,1,1,Raiders,18,14,2015,15
Chiefs,0,0,Steelers,-8,15,2015,16
Chiefs,1,1,Chargers,12,16,2015,17
Colts,0,0,Broncos,-7,1,2015,1
Colts,1,0,Eagles,-3,2,2015,2
Colts,0,1,Jaguars,27,3,2015,3
Colts,1,1,Titans,24,4,2015,4
Colts,1,1,Ravens,7,5,2015,5
Colts,0,1,Texans,5,6,2015,6
Colts,1,1,Bengals,27,7,2015,7
Colts,0,0,Steelers,-17,8,2015,8
Colts,0,1,Giants,16,9,2015,9
Colts,1,0,Patriots,-22,10,2015,11
Colts,1,1,Jaguars,20,11,2015,12
Colts,1,1,Redskins,22,12,2015,13
Colts,0,1,Browns,1,13,2015,14
Colts,1,1,Texans,7,14,2015,15
Colts,0,0,Cowboys,-35,15,2015,16
Colts,0,1,Titans,17,16,2015,17
Cowboys,1,0,49ers,-11,1,2015,1
Cowboys,0,1,Titans,16,2,2015,2
Cowboys,0,1,Rams,3,3,2015,3
Cowboys,1,1,Saints,21,4,2015,4
Cowboys,1,1,Texans,3,5,2015,5
Cowboys,0,1,Seahawks,7,6,2015,6
Cowboys,1,1,Giants,10,7,2015,7
Cowboys,1,0,Redskins,-3,8,2015,8
Cowboys,1,0,Cardinals,-11,9,2015,9
Cowboys,0,1,Jaguars,14,10,2015,10
Cowboys,0,1,Giants,3,11,2015,12
Cowboys,1,0,Eagles,-23,12,2015,13
Cowboys,0,1,Bears,13,13,2015,14
Cowboys,0,1,Eagles,11,14,2015,15
Cowboys,1,1,Colts,35,15,2015,16
Cowboys,0,1,Redskins,27,16,2015,17
Dolphins,1,1,Patriots,13,1,2015,1
Dolphins,0,0,Bills,-19,2,2015,2
Dolphins,1,0,Chiefs,-19,3,2015,3
Dolphins,0,1,Raiders,24,4,2015,4
Dolphins,1,0,Packers,-3,5,2015,6
Dolphins,0,1,Bears,13,6,2015,7
Dolphins,0,1,Jaguars,14,7,2015,8
Dolphins,1,1,Chargers,37,8,2015,9
Dolphins,0,0,Lions,-4,9,2015,10
Dolphins,1,1,Bills,13,10,2015,11
Dolphins,0,0,Broncos,-3,11,2015,12
Dolphins,0,1,Jets,3,12,2015,13
Dolphins,1,0,Ravens,-15,13,2015,14
Dolphins,0,0,Patriots,-28,14,2015,15
Dolphins,1,1,Vikings,2,15,2015,16
Dolphins,1,0,Jets,-13,16,2015,17
Eagles,1,1,Jaguars,17,1,2015,1
Eagles,0,1,Colts,3,2,2015,2
Eagles,1,1,Redskins,3,3,2015,3
Eagles,0,0,49ers,-5,4,2015,4
Eagles,1,1,Rams,6,5,2015,5
Eagles,1,1,Giants,27,6,2015,6
Eagles,0,0,Cardinals,-4,7,2015,8
Eagles,0,1,Texans,10,8,2015,9
Eagles,1,1,Panthers,24,9,2015,10
Eagles,0,0,Packers,-33,10,2015,11
Eagles,1,1,Titans,19,11,2015,12
Eagles,0,1,Cowboys,23,12,2015,13
Eagles,1,0,Seahawks,-10,13,2015,14
Eagles,1,0,Cowboys,-11,14,2015,15
Eagles,0,0,Redskins,-3,15,2015,16
Eagles,0,1,Giants,8,16,2015,17
Falcons,1,1,Saints,3,1,2015,1
Falcons,0,0,Bengals,-14,2,2015,2
Falcons,1,1,Buccaneers,42,3,2015,3
Falcons,0,0,Vikings,-13,4,2015,4
Falcons,0,0,Giants,-10,5,2015,5
Falcons,1,0,Bears,-14,6,2015,6
Falcons,0,0,Ravens,-22,7,2015,7
Falcons,1,0,Lions,-1,8,2015,8
Falcons,0,1,Buccaneers,10,9,2015,10
Falcons,0,1,Panthers,2,10,2015,11
Falcons,1,0,Browns,-2,11,2015,12
Falcons,1,1,Cardinals,11,12,2015,13
Falcons,0,0,Packers,-6,13,2015,14
Falcons,1,0,Steelers,-7,14,2015,15
Falcons,0,1,Saints,16,15,2015,16
Falcons,1,0,Panthers,-31,16,2015,17
Giants,0,0,Lions,-21,1,2015,1
Giants,1,0,Cardinals,-11,2,2015,2
Giants,1,1,Texans,13,3,2015,3
Giants,0,1,Redskins,31,4,2015,4
Giants,1,1,Falcons,10,5,2015,5
Giants,0,0,Eagles,-27,6,2015,6
Giants,0,0,Cowboys,-10,7,2015,7
Giants,1,0,Colts,-16,8,2015,9
Giants,0,0,Seahawks,-21,9,2015,10
Giants,1,0,49ers,-6,10,2015,11
Giants,1,0,Cowboys,-3,11,2015,12
Giants,0,0,Jaguars,-1,12,2015,13
Giants,0,1,Titans,29,13,2015,14
Giants,1,1,Redskins,11,14,2015,15
Giants,0,1,Rams,10,15,2015,16
Giants,1,0,Eagles,-8,16,2015,17
Jaguars,0,0,Eagles,-17,1,2015,1
Jaguars,0,0,Redskins,-31,2,2015,2
Jaguars,1,0,Colts,-27,3,2015,3
Jaguars,0,0,Chargers,-19,4,2015,4
Jaguars,1,0,Steelers,-8,5,2015,5
Jaguars,0,0,Titans,-2,6,2015,6
Jaguars,1,1,Browns,18,7,2015,7
Jaguars,1,0,Dolphins,-14,8,2015,8
Jaguars,0,0,Bengals,-10,9,2015,9
Jaguars,1,0,Cowboys,-14,10,2015,10
Jaguars,0,0,Colts,-20,11,2015,12
Jaguars,1,1,Giants,1,12,2015,13
Jaguars,1,0,Texans,-14,13,2015,14
Jaguars,0,0,Ravens,-8,14,2015,15
Jaguars,1,1,Titans,8,15,2015,16
Jaguars,0,0,Texans,-6,16,2015,17
Jets,1,1,Raiders,5,1,2015,1
Jets,0,0,Packers,-7,2,2015,2
Jets,1,0,Bears,-8,3,2015,3
Jets,1,0,Lions,-7,4,2015,4
Jets,0,0,Chargers,-31,5,2015,5
Jets,1,0,Broncos,-14,6,2015,6
Jets,0,0,Patriots,-2,7,2015,7
Jets,1,0,Bills,-20,8,2015,8
Jets,0,0,Chiefs,-14,9,2015,9
Jets,1,1,Steelers,7,10,2015,10
Jets,0,0,Bills,-35,11,2015,12
Jets,1,0,Dolphins,-3,12,2015,13
Jets,0,0,Vikings,-6,13,2015,14
Jets,0,1,Titans,5,14,2015,15
Jets,1,0,Patriots,-1,15,2015,16
Jets,0,1,Dolphins,13,16,2015,17
Lions,1,1,Giants,21,1,2015,1
Lions,0,0,Panthers,-17,2,2015,2
Lions,1,1,Packers,12,3,2015,3
Lions,0,1,Jets,7,4,2015,4
Lions,1,0,Bills,-3,5,2015,5
Lions,0,1,Vikings,14,6,2015,6
Lions,1,1,Saints,1,7,2015,7
Lions,0,1,Falcons,1,8,2015,8
Lions,1,1,Dolphins,4,9,2015,10
Lions,0,0,Cardinals,-8,10,2015,11
Lions,0,0,Patriots,-25,11,2015,12
Lions,1,1,Bears,17,12,2015,13
Lions,1,1,Buccaneers,17,13,2015,14
Lions,1,1,Vikings,2,14,2015,15
Lions,0,1,Bears,6,15,2015,16
Lions,0,0,Packers,-10,16,2015,17
Packers,0,0,Seahawks,-20,1,2015,1
Packers,1,1,Jets,7,2,2015,2
Packers,0,0,Lions,-12,3,2015,3
Packers,0,1,Bears,21,4,2015,4
Packers,1,1,Vikings,32,5,2015,5
Packers,0,1,Dolphins,3,6,2015,6
Packers,1,1,Panthers,21,7,2015,7
Packers,0,0,Saints,-21,8,2015,8
Packers,1,1,Bears,41,9,2015,10
Packers,1,1,Eagles,33,10,2015,11
Packers,0,1,Vikings,3,11,2015,12
Packers,1,1,Patriots,5,12,2015,13
Packers,1,1,Falcons,6,13,2015,14
Packers,0,0,Bills,-8,14,2015,15
Packers,0,1,Buccaneers,17,15,2015,16
Packers,1,1,Lions,10,16,2015,17
Panthers,0,1,Buccaneers,6,1,2015,1
Panthers,1,1,Lions,17,2,2015,2
Panthers,1,0,Steelers,-18,3,2015,3
Panthers,0,0,Ravens,-28,4,2015,4
Panthers,1,1,Bears,7,5,2015,5
Panthers,0,0.5,Bengals,0,6,2015,6
Panthers,0,0,Packers,-21,7,2015,7
Panthers,1,0,Seahawks,-4,8,2015,8
Panthers,1,0,Saints,-18,9,2015,9
Panthers,0,0,Eagles,-24,10,2015,10
Panthers,1,0,Falcons,-2,11,2015,11
Panthers,0,0,Vikings,-18,12,2015,13
Panthers,0,1,Saints,31,13,2015,14
Panthers,1,1,Buccaneers,2,14,2015,15
Panthers,1,1,Browns,4,15,2015,16
Panthers,0,1,Falcons,31,16,2015,17
Patriots,0,0,Dolphins,-13,1,2015,1
Patriots,0,1,Vikings,23,2,2015,2
Patriots,1,1,Raiders,7,3,2015,3
Patriots,0,0,Chiefs,-27,4,2015,4
Patriots,1,1,Bengals,26,5,2015,5
Patriots,0,1,Bills,15,6,2015,6
Patriots,1,1,Jets,2,7,2015,7
Patriots,1,1,Bears,28,8,2015,8
Patriots,1,1,Broncos,22,9,2015,9
Patriots,0,1,Colts,22,10,2015,11
Patriots,1,1,Lions,25,11,2015,12
Patriots,0,0,Packers,-5,12,2015,13
Patriots,0,1,Chargers,9,13,2015,14
Patriots,1,1,Dolphins,28,14,2015,15
Patriots,0,1,Jets,1,15,2015,16
Patriots,1,0,Bills,-8,16,2015,17
Raiders,0,0,Jets,-5,1,2015,1
Raiders,1,0,Texans,-16,2,2015,2
Raiders,0,0,Patriots,-7,3,2015,3
Raiders,1,0,Dolphins,-24,4,2015,4
Raiders,1,0,Chargers,-3,5,2015,6
Raiders,1,0,Cardinals,-11,6,2015,7
Raiders,0,0,Browns,-10,7,2015,8
Raiders,0,0,Seahawks,-6,8,2015,9
Raiders,1,0,Broncos,-24,9,2015,10
Raiders,0,0,Chargers,-7,10,2015,11
Raiders,1,1,Chiefs,4,11,2015,12
Raiders,0,0,Rams,-52,12,2015,13
Raiders,1,1,49ers,11,13,2015,14
Raiders,0,0,Chiefs,-18,14,2015,15
Raiders,1,1,Bills,2,15,2015,16
Raiders,0,0,Broncos,-33,16,2015,17
Rams,1,0,Vikings,-28,1,2015,1
Rams,0,1,Buccaneers,2,2,2015,2
Rams,1,0,Cowboys,-3,3,2015,3
Rams,0,0,Eagles,-6,4,2015,5
Rams,1,0,49ers,-14,5,2015,6
Rams,1,1,Seahawks,2,6,2015,7
Rams,0,0,Chiefs,-27,7,2015,8
Rams,0,1,49ers,3,8,2015,9
Rams,0,0,Cardinals,-17,9,2015,10
Rams,1,1,Broncos,15,10,2015,11
Rams,0,0,Chargers,-3,11,2015,12
Rams,1,1,Raiders,52,12,2015,13
Rams,0,1,Redskins,24,13,2015,14
Rams,1,0,Cardinals,-6,14,2015,15
Rams,1,0,Giants,-10,15,2015,16
Rams,0,0,Seahawks,-14,16,2015,17
Ravens,1,0,Bengals,-7,1,2015,1
Ravens,1,1,Steelers,20,2,2015,2
Ravens,0,1,Browns,2,3,2015,3
Ravens,1,1,Panthers,28,4,2015,4
Ravens,0,0,Colts,-7,5,2015,5
Ravens,0,1,Buccaneers,31,6,2015,6
Ravens,1,1,Falcons,22,7,2015,7
Ravens,0,0,Bengals,-3,8,2015,8
Ravens,0,0,Steelers,-20,9,2015,9
Ravens,1,1,Titans,14,10,2015,10
Ravens,0,1,Saints,7,11,2015,12
Ravens,1,0,Chargers,-1,12,2015,13
Ravens,0,1,Dolphins,15,13,2015,14
Ravens,1,1,Jaguars,8,14,2015,15
Ravens,0,0,Texans,-12,15,2015,16
Ravens,1,1,Browns,10,16,2015,17
Redskins,0,0,Texans,-11,1,2015,1
Redskins,1,1,Jaguars,31,2,2015,2
Redskins,0,0,Eagles,-3,3,2015,3
Redskins,1,0,Giants,-31,4,2015,4
Redskins,1,0,Seahawks,-10,5,2015,5
Redskins,0,0,Cardinals,-10,6,2015,6
Redskins,1,1,Titans,2,7,2015,7
Redskins,0,1,Cowboys,3,8,2015,8
Redskins,0,0,Vikings,-3,9,2015,9
Redskins,1,0,Buccaneers,-20,10,2015,11
Redskins,0,0,49ers,-4,11,2015,12
Redskins,0,0,Colts,-22,12,2015,13
Redskins,1,0,Rams,-24,13,2015,14
Redskins,0,0,Giants,-11,14,2015,15
Redskins,1,1,Eagles,3,15,2015,16
Redskins,1,0,Cowboys,-27,16,2015,17
Saints,0,0,Falcons,-3,1,2015,1
Saints,0,0,Browns,-2,2,2015,2
Saints,1,1,Vikings,11,3,2015,3
Saints,0,0,Cowboys,-21,4,2015,4
Saints,1,1,Buccaneers,6,5,2015,5
Saints,0,0,Lions,-1,6,2015,7
Saints,1,1,Packers,21,7,2015,8
Saints,0,1,Panthers,18,8,2015,9
Saints,1,0,49ers,-3,9,2015,10
Saints,1,0,Bengals,-17,10,2015,11
Saints,1,0,Ravens,-7,11,2015,12
Saints,0,1,Steelers,3,12,2015,13
Saints,1,0,Panthers,-31,13,2015,14
Saints,0,1,Bears,16,14,2015,15
Saints,1,0,Falcons,-16,15,2015,16
Saints,0,1,Buccaneers,3,16,2015,17
Seahawks,1,1,Packers,20,1,2015,1
Seahawks,0,0,Chargers,-9,2,2015,2
Seahawks,1,1,Broncos,6,3,2015,3
Seahawks,0,1,Redskins,10,4,2015,5
Seahawks,1,0,Cowboys,-7,5,2015,6
Seahawks,0,0,Rams,-2,6,2015,7
Seahawks,0,1,Panthers,4,7,2015,8
Seahawks,1,1,Raiders,6,8,2015,9
Seahawks,1,1,Giants,21,9,2015,10
Seahawks,0,0,Chiefs,-4,10,2015,11
Seahawks,1,1,Cardinals,16,11,2015,12
Seahawks,0,1,49ers,16,12,2015,13
Seahawks,0,1,Eagles,10,13,2015,14
Seahawks,1,1,49ers,10,14,2015,15
Seahawks,0,1,Cardinals,29,15,2015,16
Seahawks,1,1,Rams,14,16,2015,17
Steelers,1,1,Browns,3,1,2015,1
Steelers,0,0,Ravens,-20,2,2015,2
Steelers,0,1,Panthers,18,3,2015,3
Steelers,1,0,Buccaneers,-3,4,2015,4
Steelers,0,1,Jaguars,8,5,2015,5
Steelers,0,0,Browns,-21,6,2015,6
Steelers,1,1,Texans,7,7,2015,7
Steelers,1,1,Colts,17,8,2015,8
Steelers,1,1,Ravens,20,9,2015,9
Steelers,0,0,Jets,-7,10,2015,10
Steelers,0,1,Titans,3,11,2015,11
Steelers,1,0,Saints,-3,12,2015,13
Steelers,0,1,Bengals,21,13,2015,14
Steelers,0,1,Falcons,7,14,2015,15
Steelers,1,1,Chiefs,8,15,2015,16
Steelers,1,1,Bengals,10,16,2015,17
Texans,1,1,Redskins,11,1,2015,1
Texans,0,1,Raiders,16,2,2015,2
Texans,0,0,Giants,-13,3,2015,3
Texans,1,1,Bills,6,4,2015,4
Texans,0,0,Cowboys,-3,5,2015,5
Texans,1,0,Colts,-5,6,2015,6
Texans,0,0,Steelers,-7,7,2015,7
Texans,0,1,Titans,14,8,2015,8
Texans,1,0,Eagles,-10,9,2015,9
Texans,0,1,Browns,16,10,2015,11
Texans,1,0,Bengals,-9,11,2015,12
Texans,1,1,Titans,24,12,2015,13
Texans,0,1,Jaguars,14,13,2015,14
Texans,0,0,Colts,-7,14,2015,15
Texans,1,1,Ravens,12,15,2015,16
Texans,1,1,Jaguars,6,16,2015,17
Titans,0,1,Chiefs,16,1,2015,1
Titans,1,0,Cowboys,-16,2,2015,2
Titans,0,0,Bengals,-26,3,2015,3
Titans,0,0,Colts,-24,4,2015,4
Titans,1,0,Browns,-1,5,2015,5
Titans,1,1,Jaguars,2,6,2015,6
Titans,0,0,Redskins,-2,7,2015,7
Titans,1,0,Texans,-14,8,2015,8
Titans,0,0,Ravens,-14,9,2015,10
Titans,1,0,Steelers,-3,10,2015,11
Titans,0,0,Eagles,-19,11,2015,12
Titans,0,0,Texans,-24,12,2015,13
Titans,1,0,Giants,-29,13,2015,14
Titans,1,0,Jets,-5,14,2015,15
Titans,0,0,Jaguars,-8,15,2015,16
Titans,1,0,Colts,-17,16,2015,17
Vikings,0,1,Rams,28,1,2015,1
Vikings,1,0,Patriots,-23,2,2015,2
Vikings,0,0,Saints,-11,3,2015,3
Vikings,1,1,Falcons,13,4,2015,4
Vikings,0,0,Packers,-32,5,2015,5
Vikings,1,0,Lions,-14,6,2015,6
Vikings,0,0,Bills,-1,7,2015,7
Vikings,0,1,Buccaneers,6,8,2015,8
Vikings,1,1,Redskins,3,9,2015,9
Vikings,0,0,Bears,-8,10,2015,11
Vikings,1,0,Packers,-3,11,2015,12
Vikings,1,1,Panthers,18,12,2015,13
Vikings,1,1,Jets,6,13,2015,14
Vikings,0,0,Lions,-2,14,2015,15
Vikings,0,0,Dolphins,-2,15,2015,16
Vikings,1,1,Bears,4,16,2015,17
49ers,1,1,Packers,6,1,2014,1
49ers,0,0,Seahawks,-26,2,2014,2
49ers,1,0,Colts,-20,3,2014,3
49ers,0,1,Rams,24,4,2014,4
49ers,1,1,Texans,31,5,2014,5
49ers,1,1,Cardinals,12,6,2014,6
49ers,0,1,Titans,14,7,2014,7
49ers,0,1,Jaguars,32,8,2014,8
49ers,1,0,Panthers,-1,9,2014,10
49ers,0,0,Saints,-3,10,2014,11
49ers,0,1,Redskins,21,11,2014,12
49ers,1,1,Rams,10,12,2014,13
49ers,1,1,Seahawks,2,13,2014,14
49ers,0,1,Buccaneers,19,14,2014,15
49ers,1,1,Falcons,10,15,2014,16
49ers,0,1,Cardinals,3,16,2014,17
Bears,1,1,Bengals,3,1,2014,1
Bears,1,1,Vikings,1,2,2014,2
Bears,0,1,Steelers,17,3,2014,3
Bears,0,0,Lions,-8,4,2014,4
Bears,1,0,Saints,-8,5,2014,5
Bears,1,1,Giants,6,6,2014,6
Bears,0,0,Redskins,-4,7,2014,7
Bears,0,1,Packers,7,8,2014,9
Bears,1,0,Lions,-2,9,2014,10
Bears,1,1,Ravens,3,10,2014,11
Bears,0,0,Rams,-21,11,2014,12
Bears,0,0,Vikings,-3,12,2014,13
Bears,1,1,Cowboys,17,13,2014,14
Bears,0,1,Browns,7,14,2014,15
Bears,0,0,Eagles,-43,15,2014,16
Bears,1,0,Packers,-5,16,2014,17
Bengals,0,0,Bears,-3,1,2014,1
Bengals,1,1,Steelers,10,2,2014,2
Bengals,1,1,Packers,4,3,2014,3
Bengals,0,0,Browns,-11,4,2014,4
Bengals,1,1,Patriots,7,5,2014,5
Bengals,0,1,Bills,3,6,2014,6
Bengals,0,1,Lions,3,7,2014,7
Bengals,1,1,Jets,40,8,2014,8
Bengals,0,0,Dolphins,-2,9,2014,9
Bengals,0,0,Ravens,-3,10,2014,10
Bengals,1,1,Browns,21,11,2014,11
Bengals,0,1,Chargers,7,12,2014,13
Bengals,1,1,Colts,14,13,2014,14
Bengals,0,0,Steelers,-10,14,2014,15
Bengals,1,1,Vikings,28,15,2014,16
Bengals,1,1,Ravens,17,16,2014,17
Bills,1,0,Patriots,-2,1,2014,1
Bills,1,1,Panthers,1,2,2014,2
Bills,0,0,Jets,-7,3,2014,3
Bills,1,1,Ravens,3,4,2014,4
Bills,0,0,Browns,-13,5,2014,5
Bills,1,0,Bengals,-3,6,2014,6
Bills,0,1,Dolphins,2,7,2014,7
Bills,0,0,Saints,-18,8,2014,8
Bills,1,0,Chiefs,-10,9,2014,9
Bills,0,0,Steelers,-13,10,2014,10
Bills,1,1,Jets,23,11,2014,11
Bills,1,0,Falcons,-3,12,2014,13
Bills,0,0,Buccaneers,-21,13,2014,14
Bills,0,1,Jaguars,7,14,2014,15
Bills,1,1,Dolphins,19,15,2014,16
Bills,0,0,Patriots,-14,16,2014,17
Broncos,1,1,Ravens,22,1,2014,1
Broncos,0,1,Giants,18,2,2014,2
Broncos,1,1,Raiders,16,3,2014,3
Broncos,1,1,Eagles,32,4,2014,4
Broncos,0,1,Cowboys,3,5,2014,5
Broncos,1,1,Jaguars,16,6,2014,6
Broncos,0,0,Colts,-6,7,2014,7
Broncos,1,1,Redskins,24,8,2014,8
Broncos,0,1,Chargers,8,9,2014,10
Broncos,1,1,Chiefs,10,10,2014,11
Broncos,0,0,Patriots,-3,11,2014,12
Broncos,0,1,Chiefs,7,12,2014,13
Broncos,1,1,Titans,23,13,2014,14
Broncos,1,0,Chargers,-7,14,2014,15
Broncos,0,1,Texans,24,15,2014,16
Broncos,0,1,Raiders,20,16,2014,17
Browns,1,0,Dolphins,-13,1,2014,1
Browns,0,0,Ravens,-8,2,2014,2
Browns,0,1,Vikings,4,3,2014,3
Browns,1,1,Bengals,11,4,2014,4
Browns,1,1,Bills,13,5,2014,5
Browns,1,0,Lions,-14,6,2014,6
Browns,0,0,Packers,-18,7,2014,7
Browns,0,0,Chiefs,-6,8,2014,8
Browns,1,1,Ravens,6,9,2014,9
Browns,0,0,Bengals,-21,10,2014,11
Browns,1,0,Steelers,-16,11,2014,12
Browns,1,0,Jaguars,-4,12,2014,13
Browns,0,0,Patriots,-1,13,2014,14
Browns,1,0,Bears,-7,14,2014,15
Browns,0,0,Jets,-11,15,2014,16
Browns,0,0,Steelers,-13,16,2014,17
Buccaneers,0,0,Jets,-1,1,2014,1
Buccaneers,1,0,Saints,-2,2,2014,2
Buccaneers,0,0,Patriots,-20,3,2014,3
Buccaneers,1,0,Cardinals,-3,4,2014,4
Buccaneers,1,0,Eagles,-11,5,2014,6
Buccaneers,0,0,Falcons,-8,6,2014,7
Buccaneers,1,0,Panthers,-18,7,2014,8
Buccaneers,0,0,Seahawks,-3,8,2014,9
Buccaneers,1,1,Dolphins,3,9,2014,10
Buccaneers,1,1,Falcons,13,10,2014,11
Buccaneers,0,1,Lions,3,11,2014,12
Buccaneers,0,0,Panthers,-21,12,2014,13
Buccaneers,1,1,Bills,21,13,2014,14
Buccaneers,1,0,49ers,-19,14,2014,15
Buccaneers,0,0,Rams,-10,15,2014,16
Buccaneers,0,0,Saints,-25,16,2014,17
Cardinals,0,0,Rams,-3,1,2014,1
Cardinals,1,1,Lions,4,2,2014,2
Cardinals,0,0,Saints,-24,3,2014,3
Cardinals,0,1,Buccaneers,3,4,2014,4
Cardinals,1,1,Panthers,16,5,2014,5
Cardinals,0,0,49ers,-12,6,2014,6
Cardinals,1,0,Seahawks,-12,7,2014,7
Cardinals,1,1,Falcons,14,8,2014,8
Cardinals,1,1,Texans,3,9,2014,10
Cardinals,0,1,Jaguars,13,10,2014,11
Cardinals,1,1,Colts,29,11,2014,12
Cardinals,0,0,Eagles,-3,12,2014,13
Cardinals,1,1,Rams,20,13,2014,14
Cardinals,0,1,Titans,3,14,2014,15
Cardinals,0,1,Seahawks,7,15,2014,16
Cardinals,1,0,49ers,-3,16,2014,17
Chargers,1,0,Texans,-3,1,2014,1
Chargers,0,1,Eagles,3,2,2014,2
Chargers,0,0,Titans,-3,3,2014,3
Chargers,1,1,Cowboys,9,4,2014,4
Chargers,0,0,Raiders,-10,5,2014,5
Chargers,1,1,Colts,10,6,2014,6
Chargers,0,1,Jaguars,18,7,2014,7
Chargers,0,0,Redskins,-6,8,2014,9
Chargers,1,0,Broncos,-8,9,2014,10
Chargers,0,0,Dolphins,-4,10,2014,11
Chargers,0,1,Chiefs,3,11,2014,12
Chargers,1,0,Bengals,-7,12,2014,13
Chargers,1,1,Giants,23,13,2014,14
Chargers,0,1,Broncos,7,14,2014,15
Chargers,1,1,Raiders,13,15,2014,16
Chargers,1,1,Chiefs,3,16,2014,17
Chiefs,0,1,Jaguars,26,1,2014,1
Chiefs,1,1,Cowboys,1,2,2014,2
Chiefs,0,1,Eagles,10,3,2014,3
Chiefs,1,1,Giants,24,4,2014,4
Chiefs,0,1,Titans,9,5,2014,5
Chiefs,1,1,Raiders,17,6,2014,6
Chiefs,1,1,Texans,1,7,2014,7
Chiefs,1,1,Browns,6,8,2014,8
Chiefs,0,1,Bills,10,9,2014,9
Chiefs,0,0,Broncos,-10,10,2014,11
Chiefs,1,0,Chargers,-3,11,2014,12
Chiefs,1,0,Broncos,-7,12,2014,13
Chiefs,0,1,Redskins,35,13,2014,14
Chiefs,0,1,Raiders,25,14,2014,15
Chiefs,1,0,Colts,-16,15,2014,16
Chiefs,0,0,Chargers,-3,16,2014,17
Colts,1,1,Raiders,4,1,2014,1
Colts,1,0,Dolphins,-4,2,2014,2
Colts,0,1,49ers,20,3,2014,3
Colts,0,1,Jaguars,34,4,2014,4
Colts,1,1,Seahawks,6,5,2014,5
Colts,0,0,Chargers,-10,6,2014,6
Colts,1,1,Broncos,6,7,2014,7
Colts,0,1,Texans,3,8,2014,9
Colts,1,0,Rams,-30,9,2014,10
Colts,0,1,Titans,3,10,2014,11
Colts,0,0,Cardinals,-29,11,2014,12
Colts,1,1,Titans,8,12,2014,13
Colts,0,0,Bengals,-14,13,2014,14
Colts,1,1,Texans,22,14,2014,15
Colts,0,1,Chiefs,16,15,2014,16
Colts,1,1,Jaguars,20,16,2014,17
Cowboys,1,1,Giants,5,1,2014,1
Cowboys,0,0,Chiefs,-1,2,2014,2
Cowboys,1,1,Rams,24,3,2014,3
Cowboys,0,0,Chargers,-9,4,2014,4
Cowboys,1,0,Broncos,-3,5,2014,5
Cowboys,1,1,Redskins,15,6,2014,6
Cowboys,0,1,Eagles,14,7,2014,7
Cowboys,0,0,Lions,-1,8,2014,8
Cowboys,1,1,Vikings,4,9,2014,9
Cowboys,0,0,Saints,-32,10,2014,10
Cowboys,0,1,Giants,3,11,2014,12
Cowboys,1,1,Raiders,7,12,2014,13
Cowboys,0,0,Bears,-17,13,2014,14
Cowboys,1,0,Packers,-1,14,2014,15
Cowboys,0,1,Redskins,1,15,2014,16
Cowboys,1,0,Eagles,-2,16,2014,17
Dolphins,0,1,Browns,13,1,2014,1
Dolphins,0,1,Colts,4,2,2014,2
Dolphins,1,1,Falcons,4,3,2014,3
Dolphins,0,0,Saints,-21,4,2014,4
Dolphins,1,0,Ravens,-3,5,2014,5
Dolphins,1,0,Bills,-2,6,2014,7
Dolphins,0,0,Patriots,-10,7,2014,8
Dolphins,1,1,Bengals,2,8,2014,9
Dolphins,0,0,Buccaneers,-3,9,2014,10
Dolphins,1,1,Chargers,4,10,2014,11
Dolphins,1,0,Panthers,-4,11,2014,12
Dolphins,0,1,Jets,20,12,2014,13
Dolphins,0,1,Steelers,6,13,2014,14
Dolphins,1,1,Patriots,4,14,2014,15
Dolphins,0,0,Bills,-19,15,2014,16
Dolphins,1,0,Jets,-13,16,2014,17
Eagles,0,1,Redskins,6,1,2014,1
Eagles,1,0,Chargers,-3,2,2014,2
Eagles,1,0,Chiefs,-10,3,2014,3
Eagles,0,0,Broncos,-32,4,2014,4
Eagles,0,1,Giants,15,5,2014,5
Eagles,0,1,Buccaneers,11,6,2014,6
Eagles,1,0,Cowboys,-14,7,2014,7
Eagles,1,0,Giants,-8,8,2014,8
Eagles,0,1,Raiders,29,9,2014,9
Eagles,0,1,Packers,14,10,2014,10
Eagles,1,1,Redskins,8,11,2014,11
Eagles,1,1,Cardinals,3,12,2014,13
Eagles,1,1,Lions,14,13,2014,14
Eagles,0,0,Vikings,-18,14,2014,15
Eagles,1,1,Bears,43,15,2014,16
Eagles,0,1,Cowboys,2,16,2014,17
Falcons,0,0,Saints,-6,1,2014,1
Falcons,1,1,Rams,7,2,2014,2
Falcons,0,0,Dolphins,-4,3,2014,3
Falcons,1,0,Patriots,-7,4,2014,4
Falcons,1,0,Jets,-2,5,2014,5
Falcons,1,1,Buccaneers,8,6,2014,7
Falcons,0,0,Cardinals,-14,7,2014,8
Falcons,0,0,Panthers,-24,8,2014,9
Falcons,1,0,Seahawks,-23,9,2014,10
Falcons,0,0,Buccaneers,-13,10,2014,11
Falcons,1,0,Saints,-4,11,2014,12
Falcons,0,1,Bills,3,12,2014,13
Falcons,0,0,Packers,-1,13,2014,14
Falcons,1,1,Redskins,1,14,2014,15
Falcons,0,0,49ers,-10,15,2014,16
Falcons,1,0,Panthers,-1,16,2014,17
Giants,0,0,Cowboys,-5,1,2014,1
Giants,1,0,Broncos,-18,2,2014,2
Giants,0,0,Panthers,-38,3,2014,3
Giants,0,0,Chiefs,-24,4,2014,4
Giants,1,0,Eagles,-15,5,2014,5
Giants,0,0,Bears,-6,6,2014,6
Giants,1,1,Vikings,16,7,2014,7
Giants,0,1,Eagles,8,8,2014,8
Giants,1,1,Raiders,4,9,2014,10
Giants,1,1,Packers,14,10,2014,11
Giants,1,0,Cowboys,-3,11,2014,12
Giants,0,1,Redskins,7,12,2014,13
Giants,0,0,Chargers,-23,13,2014,14
Giants,1,0,Seahawks,-23,14,2014,15
Giants,0,1,Lions,3,15,2014,16
Giants,1,1,Redskins,14,16,2014,17
Jaguars,1,0,Chiefs,-26,1,2014,1
Jaguars,0,0,Raiders,-10,2,2014,2
Jaguars,0,0,Seahawks,-28,3,2014,3
Jaguars,1,0,Colts,-34,4,2014,4
Jaguars,0,0,Rams,-14,5,2014,5
Jaguars,0,0,Broncos,-16,6,2014,6
Jaguars,1,0,Chargers,-18,7,2014,7
Jaguars,1,0,49ers,-32,8,2014,8
Jaguars,0,1,Titans,2,9,2014,10
Jaguars,1,0,Cardinals,-13,10,2014,11
Jaguars,0,1,Texans,7,11,2014,12
Jaguars,0,1,Browns,4,12,2014,13
Jaguars,1,1,Texans,7,13,2014,14
Jaguars,1,0,Bills,-7,14,2014,15
Jaguars,1,0,Titans,-4,15,2014,16
Jaguars,0,0,Colts,-20,16,2014,17
Jets,1,1,Buccaneers,1,1,2014,1
Jets,0,0,Patriots,-3,2,2014,2
Jets,1,1,Bills,7,3,2014,3
Jets,0,0,Titans,-25,4,2014,4
Jets,0,1,Falcons,2,5,2014,5
Jets,1,0,Steelers,-13,6,2014,6
Jets,1,1,Patriots,3,7,2014,7
Jets,0,0,Bengals,-40,8,2014,8
Jets,1,1,Saints,6,9,2014,9
Jets,0,0,Bills,-23,10,2014,11
Jets,0,0,Ravens,-16,11,2014,12
Jets,1,0,Dolphins,-20,12,2014,13
Jets,1,1,Raiders,10,13,2014,14
Jets,0,0,Panthers,-10,14,2014,15
Jets,1,1,Browns,11,15,2014,16
Jets,0,1,Dolphins,13,16,2014,17
Lions,1,1,Vikings,10,1,2014,1
Lions,0,0,Cardinals,-4,2,2014,2
Lions,0,1,Redskins,7,3,2014,3
Lions,1,1,Bears,8,4,2014,4
Lions,0,0,Packers,-13,5,2014,5
Lions,0,1,Browns,14,6,2014,6
Lions,1,0,Bengals,-3,7,2014,7
Lions,1,1,Cowboys,1,8,2014,8
Lions,0,1,Bears,2,9,2014,10
Lions,0,0,Steelers,-10,10,2014,11
Lions,1,0,Buccaneers,-3,11,2014,12
Lions,1,1,Packers,30,12,2014,13
Lions,0,0,Eagles,-14,13,2014,14
Lions,1,0,Ravens,-2,14,2014,15
Lions,1,0,Giants,-3,15,2014,16
Lions,0,0,Vikings,-1,16,2014,17
Packers,0,0,49ers,-6,1,2014,1
Packers,1,1,Redskins,18,2,2014,2
Packers,0,0,Bengals,-4,3,2014,3
Packers,1,1,Lions,13,4,2014,5
Packers,0,1,Ravens,2,5,2014,6
Packers,1,1,Browns,18,6,2014,7
Packers,0,1,Vikings,13,7,2014,8
Packers,1,0,Bears,-7,8,2014,9
Packers,1,0,Eagles,-14,9,2014,10
Packers,0,0,Giants,-14,10,2014,11
Packers,1,1,Vikings,0,11,2014,12
Packers,0,0,Lions,-30,12,2014,13
Packers,1,1,Falcons,1,13,2014,14
Packers,0,1,Cowboys,1,14,2014,15
Packers,1,0,Steelers,-7,15,2014,16
Packers,0,1,Bears,5,16,2014,17
Panthers,1,0,Seahawks,-5,1,2014,1
Panthers,0,0,Bills,-1,2,2014,2
Panthers,1,1,Giants,38,3,2014,3
Panthers,0,0,Cardinals,-16,4,2014,5
Panthers,0,1,Vikings,25,5,2014,6
Panthers,1,1,Rams,15,6,2014,7
Panthers,0,1,Buccaneers,18,7,2014,8
Panthers,1,1,Falcons,24,8,2014,9
Panthers,0,1,49ers,1,9,2014,10
Panthers,1,1,Patriots,4,10,2014,11
Panthers,0,1,Dolphins,4,11,2014,12
Panthers,1,1,Buccaneers,21,12,2014,13
Panthers,0,0,Saints,-18,13,2014,14
Panthers,1,1,Jets,10,14,2014,15
Panthers,1,1,Saints,4,15,2014,16
Panthers,0,1,Falcons,1,16,2014,17
Patriots,0,1,Bills,2,1,2014,1
Patriots,1,1,Jets,3,2,2014,2
Patriots,1,1,Buccaneers,20,3,2014,3
Patriots,0,1,Falcons,7,4,2014,4
Patriots,0,0,Bengals,-7,5,2014,5
Patriots,1,1,Saints,3,6,2014,6
Patriots,0,0,Jets,-3,7,2014,7
Patriots,1,1,Dolphins,10,8,2014,8
Patriots,1,1,Steelers,24,9,2014,9
Patriots,0,0,Panthers,-4,10,2014,11
Patriots,1,1,Broncos,3,11,2014,12
Patriots,0,1,Texans,3,12,2014,13
Patriots,1,1,Browns,1,13,2014,14
Patriots,0,0,Dolphins,-4,14,2014,15
Patriots,0,1,Ravens,34,15,2014,16
Patriots,1,1,Bills,14,16,2014,17
Raiders,0,0,Colts,-4,1,2014,1
Raiders,1,1,Jaguars,10,2,2014,2
Raiders,0,0,Broncos,-16,3,2014,3
Raiders,1,0,Redskins,-10,4,2014,4
Raiders,1,1,Chargers,10,5,2014,5
Raiders,0,0,Chiefs,-17,6,2014,6
Raiders,1,1,Steelers,3,7,2014,8
Raiders,1,0,Eagles,-29,8,2014,9
Raiders,0,0,Giants,-4,9,2014,10
Raiders,0,1,Texans,5,10,2014,11
Raiders,1,0,Titans,-4,11,2014,12
Raiders,0,0,Cowboys,-7,12,2014,13
Raiders,0,0,Jets,-10,13,2014,14
Raiders,1,0,Chiefs,-25,14,2014,15
Raiders,0,0,Chargers,-13,15,2014,16
Raiders,1,0,Broncos,-20,16,2014,17
Rams,1,1,Cardinals,3,1,2014,1
Rams,0,0,Falcons,-7,2,2014,2
Rams,0,0,Cowboys,-24,3,2014,3
Rams,1,0,49ers,-24,4,2014,4
Rams,1,1,Jaguars,14,5,2014,5
Rams,0,1,Texans,25,6,2014,6
Rams,0,0,Panthers,-15,7,2014,7
Rams,1,0,Seahawks,-5,8,2014,8
Rams,1,0,Titans,-7,9,2014,9
Rams,0,1,Colts,30,10,2014,10
Rams,1,1,Bears,21,11,2014,12
Rams,0,0,49ers,-10,12,2014,13
Rams,0,0,Cardinals,-20,13,2014,14
Rams,1,1,Saints,11,14,2014,15
Rams,1,1,Buccaneers,10,15,2014,16
Rams,0,0,Seahawks,-18,16,2014,17
Ravens,0,0,Broncos,-22,1,2014,1
Ravens,1,1,Browns,8,2,2014,2
Ravens,1,1,Texans,21,3,2014,3
Ravens,0,0,Bills,-3,4,2014,4
Ravens,0,1,Dolphins,3,5,2014,5
Ravens,1,0,Packers,-2,6,2014,6
Ravens,0,0,Steelers,-3,7,2014,7
Ravens,0,0,Browns,-6,8,2014,9
Ravens,1,1,Bengals,3,9,2014,10
Ravens,0,0,Bears,-3,10,2014,11
Ravens,1,1,Jets,16,11,2014,12
Ravens,1,1,Steelers,2,12,2014,13
Ravens,1,1,Vikings,3,13,2014,14
Ravens,0,1,Lions,2,14,2014,15
Ravens,1,0,Patriots,-34,15,2014,16
Ravens,0,0,Bengals,-17,16,2014,17
Redskins,1,0,Eagles,-6,1,2014,1
Redskins,0,0,Packers,-18,2,2014,2
Redskins,1,0,Lions,-7,3,2014,3
Redskins,0,1,Raiders,10,4,2014,4
Redskins,0,0,Cowboys,-15,5,2014,6
Redskins,1,1,Bears,4,6,2014,7
Redskins,0,0,Broncos,-24,7,2014,8
Redskins,1,1,Chargers,6,8,2014,9
Redskins,0,0,Vikings,-7,9,2014,10
Redskins,0,0,Eagles,-8,10,2014,11
Redskins,1,0,49ers,-21,11,2014,12
Redskins,1,0,Giants,-7,12,2014,13
Redskins,1,0,Chiefs,-35,13,2014,14
Redskins,0,0,Falcons,-1,14,2014,15
Redskins,1,0,Cowboys,-1,15,2014,16
Redskins,0,0,Giants,-14,16,2014,17
Saints,1,1,Falcons,6,1,2014,1
Saints,0,1,Buccaneers,2,2,2014,2
Saints,1,1,Cardinals,24,3,2014,3
Saints,1,1,Dolphins,21,4,2014,4
Saints,0,1,Bears,8,5,2014,5
Saints,0,0,Patriots,-3,6,2014,6
Saints,1,1,Bills,18,7,2014,8
Saints,0,0,Jets,-6,8,2014,9
Saints,1,1,Cowboys,32,9,2014,10
Saints,1,1,49ers,3,10,2014,11
Saints,0,1,Falcons,4,11,2014,12
Saints,0,0,Seahawks,-27,12,2014,13
Saints,1,1,Panthers,18,13,2014,14
Saints,0,0,Rams,-11,14,2014,15
Saints,0,0,Panthers,-4,15,2014,16
Saints,1,1,Buccaneers,25,16,2014,17
Seahawks,0,1,Panthers,5,1,2014,1
Seahawks,1,1,49ers,26,2,2014,2
Seahawks,1,1,Jaguars,28,3,2014,3
Seahawks,0,1,Texans,3,4,2014,4
Seahawks,0,0,Colts,-6,5,2014,5
Seahawks,1,1,Titans,7,6,2014,6
Seahawks,0,1,Cardinals,12,7,2014,7
Seahawks,0,1,Rams,5,8,2014,8
Seahawks,1,1,Buccaneers,3,9,2014,9
Seahawks,0,1,Falcons,23,10,2014,10
Seahawks,1,1,Vikings,21,11,2014,11
Seahawks,1,1,Saints,27,12,2014,13
Seahawks,0,0,49ers,-2,13,2014,14
Seahawks,0,1,Giants,23,14,2014,15
Seahawks,1,0,Cardinals,-7,15,2014,16
Seahawks,1,1,Rams,18,16,2014,17
Steelers,1,0,Titans,-7,1,2014,1
Steelers,0,0,Bengals,-10,2,2014,2
Steelers,1,0,Bears,-17,3,2014,3
Steelers,0,0,Vikings,-7,4,2014,4
Steelers,0,1,Jets,13,5,2014,6
Steelers,1,1,Ravens,3,6,2014,7
Steelers,0,0,Raiders,-3,7,2014,8
Steelers,0,0,Patriots,-24,8,2014,9
Steelers,1,1,Bills,13,9,2014,10
Steelers,1,1,Lions,10,10,2014,11
Steelers,0,1,Browns,16,11,2014,12
Steelers,0,0,Ravens,-2,12,2014,13
Steelers,1,0,Dolphins,-6,13,2014,14
Steelers,1,1,Bengals,10,14,2014,15
Steelers,0,1,Packers,7,15,2014,16
Steelers,1,1,Browns,13,16,2014,17
Texans,0,1,Chargers,3,1,2014,1
Texans,1,1,Titans,6,2,2014,2
Texans,0,0,Ravens,-21,3,2014,3
Texans,1,0,Seahawks,-3,4,2014,4
Texans,0,0,49ers,-31,5,2014,5
Texans,1,0,Rams,-25,6,2014,6
Texans,0,0,Chiefs,-1,7,2014,7
Texans,1,0,Colts,-3,8,2014,9
Texans,0,0,Cardinals,-3,9,2014,10
Texans,1,0,Raiders,-5,10,2014,11
Texans,1,0,Jaguars,-7,11,2014,12
Texans,1,0,Patriots,-3,12,2014,13
Texans,0,0,Jaguars,-7,13,2014,14
Texans,0,0,Colts,-22,14,2014,15
Texans,1,0,Broncos,-24,15,2014,16
Texans,0,0,Titans,-6,16,2014,17
Titans,0,1,Steelers,7,1,2014,1
Titans,0,0,Texans,-6,2,2014,2
Titans,1,1,Chargers,3,3,2014,3
Titans,1,1,Jets,25,4,2014,4
Titans,1,0,Chiefs,-9,5,2014,5
Titans,0,0,Seahawks,-7,6,2014,6
Titans,1,0,49ers,-14,7,2014,7
Titans,0,1,Rams,7,8,2014,9
Titans,1,0,Jaguars,-2,9,2014,10
Titans,1,0,Colts,-3,10,2014,11
Titans,0,1,Raiders,4,11,2014,12
Titans,0,0,Colts,-8,12,2014,13
Titans,0,0,Broncos,-23,13,2014,14
Titans,1,0,Cardinals,-3,14,2014,15
Titans,0,1,Jaguars,4,15,2014,16
Titans,1,1,Texans,6,16,2014,17
Vikings,0,0,Lions,-10,1,2014,1
Vikings,0,0,Bears,-1,2,2014,2
Vikings,1,0,Browns,-4,3,2014,3
Vikings,1,1,Steelers,7,4,2014,4
Vikings,1,0,Panthers,-25,5,2014,6
Vikings,0,0,Giants,-16,6,2014,7
Vikings,1,0,Packers,-13,7,2014,8
Vikings,0,0,Cowboys,-4,8,2014,9
Vikings,1,1,Redskins,7,9,2014,10
Vikings,0,0,Seahawks,-21,10,2014,11
Vikings,0,0,Packers,0,11,2014,12
Vikings,1,1,Bears,3,12,2014,13
Vikings,0,0,Ravens,-3,13,2014,14
Vikings,1,1,Eagles,18,14,2014,15
Vikings,0,0,Bengals,-28,15,2014,16
Vikings,1,1,Lions,1,16,2014,17
